[{"model": "journal.customuser", "pk": 46, "fields": {"password": "pbkdf2_sha256$320000$Dznui9OoIesk3wKA4O5Sm4$GOWVJ6dmh35cQdb6WBL2mCH0kHfyQysfbJAN2e4dDhI=", "last_login": "2022-05-17T15:53:26.260Z", "name": "ad", "surname": "admin", "patronymic": "asmin", "email": "admin@admin.net", "avatar": "user/avatar/718277_Eah2j9P.jpg", "date_of_birth": null, "about": "sdfsdf", "role": "Admin", "is_active": true, "is_staff": true, "is_admin": true}}, {"model": "journal.customuser", "pk": 47, "fields": {"password": "pbkdf2_sha256$320000$1Rd4kjkG6EmmTYePGaGZmR$SnQvLSI3bCGt/3Jlw7s0sZowK5Xwqtotz0HMCcWU0UI=", "last_login": "2022-05-17T16:31:13.482Z", "name": "Віктор", "surname": "Бадько", "patronymic": "Іванович", "email": "teacher@teacher.com", "avatar": "user/avatar/www.GetBg.net_Creative_Wallpaper_Image_internet_meme_082011_.jpg", "date_of_birth": "2022-05-03", "about": "Сайонара, май френдс\nВалю всіх", "role": "Teacher", "is_active": true, "is_staff": false, "is_admin": false}}, {"model": "journal.customuser", "pk": 48, "fields": {"password": "pbkdf2_sha256$320000$otuRBNfhsZUIpl5W63o8Ff$Fof2dIbnrkc8Z9R8ZgcWRpHTsHcr4y7W3Anmi/877g4=", "last_login": "2022-05-17T16:31:30.700Z", "name": "Олена", "surname": "Степанка", "patronymic": null, "email": "teacher@teacher2.com", "avatar": "user/avatar/873403.png", "date_of_birth": null, "about": "", "role": "Teacher", "is_active": true, "is_staff": false, "is_admin": false}}, {"model": "journal.customuser", "pk": 49, "fields": {"password": "pbkdf2_sha256$320000$9npMAuZ43besb6P6tl0kXo$5vuTlHqw4FbfLnubFFedDbOAJ2xgluj6MIk6GKoG69A=", "last_login": "2022-05-17T16:31:56.855Z", "name": "Галина", "surname": "Стопук", "patronymic": null, "email": "teacher@teacher3.com", "avatar": "user/avatar/945610.png", "date_of_birth": null, "about": "", "role": "Teacher", "is_active": true, "is_staff": false, "is_admin": false}}, {"model": "journal.customuser", "pk": 50, "fields": {"password": "pbkdf2_sha256$320000$TH926Ycz0iZbMX2hBhYvBw$lFJftkTjLJ5RURsWQCFFxrePRzJZNjfphaBUxVWhmxs=", "last_login": "2022-05-16T18:18:56.948Z", "name": "Михайло", "surname": "Ванч", "patronymic": null, "email": "teacher@teacher4.com", "avatar": "user/avatar/968401.png", "date_of_birth": null, "about": "", "role": "Teacher", "is_active": true, "is_staff": false, "is_admin": false}}, {"model": "journal.customuser", "pk": 51, "fields": {"password": "pbkdf2_sha256$320000$nU5qtBsucMgKMZ9YEUvC8g$+iXDQpTgyZeD1p55TXlxZRCDyEsZVBEM8Mc5Fvd1wG4=", "last_login": "2022-05-14T14:25:33.199Z", "name": "Дмитро", "surname": "Варчук", "patronymic": null, "email": "student@student.com", "avatar": "user/avatar/671055_tKzt2dC.jpg", "date_of_birth": null, "about": "", "role": "Student", "is_active": true, "is_staff": false, "is_admin": false}}, {"model": "journal.customuser", "pk": 52, "fields": {"password": "pbkdf2_sha256$320000$SrHaOgOCemOzGsi3wbURPs$DnJmp3BAYMjtL8J/s92P7Yaor4EGjWsC3MFOXSlg/24=", "last_login": "2022-05-17T16:05:12.727Z", "name": "Джеремі", "surname": "Маккол", "patronymic": "", "email": "student@student2.com", "avatar": "user/avatar/garmoniia_odinochestvo_odinokij_161175_1920x1080.jpg", "date_of_birth": null, "about": "", "role": "Student", "is_active": true, "is_staff": false, "is_admin": false}}, {"model": "journal.customuser", "pk": 53, "fields": {"password": "pbkdf2_sha256$320000$Oggip0V27fwiyGK2jP5SMa$gSP6AU0n7RuH6cQJqeS6BztPjwTMGgylrXH1+0NdTDg=", "last_login": "2022-05-10T10:50:55.339Z", "name": "Джеремі", "surname": "Бандера", "patronymic": "Обіванович", "email": "student@student3.com", "avatar": "user/avatar/686406.jpg", "date_of_birth": null, "about": "Я ох...ний_", "role": "Student", "is_active": true, "is_staff": false, "is_admin": false}}, {"model": "journal.customuser", "pk": 54, "fields": {"password": "pbkdf2_sha256$320000$3mzEusiHa7YSdkWGYVp5nz$e9AOtHQrp7d7E/yDfPYR5fvKhCXNOXYEU21gVcbvY/U=", "last_login": null, "name": "Лавона", "surname": "Катьок", "patronymic": null, "email": "student@student4.com", "avatar": "user/avatar/79a0d1ecd81e79037b44b5ccd50f9144.png", "date_of_birth": null, "about": "", "role": "Student", "is_active": true, "is_staff": false, "is_admin": false}}, {"model": "journal.customuser", "pk": 55, "fields": {"password": "pbkdf2_sha256$320000$5zBBwl1eoG2FXbJraEniUv$mlexg95+SshQCBtTR5fwr6JP2QeS3Me1K1GkgugWu1Q=", "last_login": "2022-05-10T13:13:10.444Z", "name": "Люмін", "surname": "Батьківна", "patronymic": "", "email": "student@student5.com", "avatar": "user/avatar/609671.jpg", "date_of_birth": null, "about": "", "role": "Student", "is_active": true, "is_staff": false, "is_admin": false}}, {"model": "journal.customuser", "pk": 56, "fields": {"password": "pbkdf2_sha256$320000$AceybfEg0dKpUgMPbr07LF$2LyOSGpmMIe36zGrWdKpr7PMC8PZu2oA6C3d/VzQyxg=", "last_login": null, "name": "Ітер", "surname": "Батькович", "patronymic": null, "email": "student@student6.com", "avatar": "", "date_of_birth": null, "about": null, "role": "Student", "is_active": true, "is_staff": false, "is_admin": false}}, {"model": "journal.customuser", "pk": 57, "fields": {"password": "pbkdf2_sha256$320000$kcCkI3qcIRsQRrv9DCNr93$teX/9KvyLVyxj62kLJxbZRrp9rb9H4QHiORw9H6ZCg8=", "last_login": "2022-05-17T16:06:47.893Z", "name": "Юлька", "surname": "Адольфівна", "patronymic": "Олексіївна", "email": "student@student7.com", "avatar": "user/avatar/www.GetBg.net_Creative_Wallpaper_Image_internet_meme_082011__WPrh3c5.jpg", "date_of_birth": null, "about": "Клуб романтики ююху", "role": "Student", "is_active": true, "is_staff": false, "is_admin": false}}, {"model": "journal.customuser", "pk": 58, "fields": {"password": "pbkdf2_sha256$320000$yDvGXPWcnnr5WEkQI8gqRf$LGpDQ2ZwdtVZzTLehWTmZxkhdIEBhIoRLhD9LcZlnx8=", "last_login": null, "name": "Галина", "surname": "Стовбур", "patronymic": null, "email": "student@student8.com", "avatar": "", "date_of_birth": null, "about": null, "role": "Student", "is_active": true, "is_staff": false, "is_admin": false}}, {"model": "journal.customuser", "pk": 59, "fields": {"password": "pbkdf2_sha256$320000$h4NUC6xmRk4Itx3nH9VUXL$LTZj8G5RJmY5XFzGSqO8jvFB00xLvjAB9IpbFz9YUdk=", "last_login": "2022-05-10T13:12:59.530Z", "name": "Дерек", "surname": "Капронов", "patronymic": "", "email": "student@student9.com", "avatar": "user/avatar/Melantha.full.2920738.jpg", "date_of_birth": null, "about": "", "role": "Student", "is_active": true, "is_staff": false, "is_admin": false}}, {"model": "journal.customuser", "pk": 60, "fields": {"password": "pbkdf2_sha256$320000$aQCfBZw8ONOfmBgZKHE8Dp$2i0Heo8rOwQ80st1LA6tSfjjriWkdYB2taIwmhycA0Y=", "last_login": null, "name": "Теппей", "surname": "Теппейов", "patronymic": null, "email": "student@student10.com", "avatar": "", "date_of_birth": null, "about": null, "role": "Student", "is_active": true, "is_staff": false, "is_admin": false}}, {"model": "journal.teacher", "pk": 17, "fields": {"user": 47}}, {"model": "journal.teacher", "pk": 18, "fields": {"user": 48}}, {"model": "journal.teacher", "pk": 19, "fields": {"user": 49}}, {"model": "journal.teacher", "pk": 20, "fields": {"user": 50}}, {"model": "journal.group", "pk": 4, "fields": {"name": "1-МП-9", "slug": "1-mp-9", "teacher": 17}}, {"model": "journal.group", "pk": 5, "fields": {"name": "1-AK-47", "slug": "1-ak-47", "teacher": 20}}, {"model": "journal.group", "pk": 6, "fields": {"name": "1-КТ-19", "slug": "1-kt-19", "teacher": 19}}, {"model": "journal.studyform", "pk": 1, "fields": {"name": "Державна"}}, {"model": "journal.studyform", "pk": 2, "fields": {"name": "Контракт"}}, {"model": "journal.student", "pk": 14, "fields": {"user": 51, "study_form": 1, "group": 6}}, {"model": "journal.student", "pk": 15, "fields": {"user": 52, "study_form": 1, "group": 4}}, {"model": "journal.student", "pk": 16, "fields": {"user": 53, "study_form": 1, "group": 4}}, {"model": "journal.student", "pk": 17, "fields": {"user": 54, "study_form": 1, "group": 4}}, {"model": "journal.student", "pk": 18, "fields": {"user": 55, "study_form": 1, "group": 4}}, {"model": "journal.student", "pk": 19, "fields": {"user": 56, "study_form": 1, "group": 4}}, {"model": "journal.student", "pk": 20, "fields": {"user": 57, "study_form": 1, "group": 5}}, {"model": "journal.student", "pk": 21, "fields": {"user": 58, "study_form": 1, "group": 5}}, {"model": "journal.student", "pk": 22, "fields": {"user": 59, "study_form": 1, "group": 5}}, {"model": "journal.student", "pk": 23, "fields": {"user": 60, "study_form": 1, "group": 4}}, {"model": "journal.evaluationsystem", "pk": 3, "fields": {"name": "П'ятибальна", "numerical_form": 5}}, {"model": "journal.evaluationsystem", "pk": 4, "fields": {"name": "Дванадцятибальна", "numerical_form": 12}}, {"model": "journal.subject", "pk": 4, "fields": {"name": "Математика", "slug": "matematika", "short_name": "Математика", "evaluation_system": 3}}, {"model": "journal.subject", "pk": 5, "fields": {"name": "Фізична культура", "slug": "fizichna-kultura", "short_name": "фіз-ра", "evaluation_system": 4}}, {"model": "journal.subject", "pk": 6, "fields": {"name": "Основи мет-препаратів", "slug": "osnovi-met-preparativ", "short_name": "ОМП", "evaluation_system": 4}}, {"model": "journal.subject", "pk": 7, "fields": {"name": "Колоїдна хімія", "slug": "koloyidna-himiya", "short_name": "Колоїдна хімія", "evaluation_system": 3}}, {"model": "journal.groupsubject", "pk": 7, "fields": {"group": 4, "subject": 4, "amount_of_hours": 61}}, {"model": "journal.groupsubject", "pk": 8, "fields": {"group": 5, "subject": 4, "amount_of_hours": 34}}, {"model": "journal.groupsubject", "pk": 9, "fields": {"group": 6, "subject": 5, "amount_of_hours": 4}}, {"model": "journal.groupsubject", "pk": 10, "fields": {"group": 5, "subject": 6, "amount_of_hours": 89}}, {"model": "journal.groupsubject", "pk": 11, "fields": {"group": 4, "subject": 7, "amount_of_hours": 16}}, {"model": "journal.groupsubject", "pk": 12, "fields": {"group": 4, "subject": 6, "amount_of_hours": 64}}, {"model": "journal.groupsubject", "pk": 13, "fields": {"group": 5, "subject": 6, "amount_of_hours": 64}}, {"model": "journal.groupsubject", "pk": 14, "fields": {"group": 6, "subject": 6, "amount_of_hours": 128}}, {"model": "journal.teachersubject", "pk": 9, "fields": {"teacher": 17, "group_subject": 7, "semester": 4, "academic_year": "988", "students": "[\"16\", \"19\", \"15\"]"}}, {"model": "journal.teachersubject", "pk": 10, "fields": {"teacher": 17, "group_subject": 8, "semester": 4, "academic_year": "988", "students": "[\"21\", \"22\", \"20\"]"}}, {"model": "journal.teachersubject", "pk": 11, "fields": {"teacher": 18, "group_subject": 7, "semester": 4, "academic_year": "988", "students": "[\"17\", \"18\", \"23\"]"}}, {"model": "journal.teachersubject", "pk": 12, "fields": {"teacher": 19, "group_subject": 9, "semester": 4, "academic_year": "988", "students": null}}, {"model": "journal.teachersubject", "pk": 13, "fields": {"teacher": 20, "group_subject": 10, "semester": 4, "academic_year": "1999", "students": null}}, {"model": "journal.teachersubject", "pk": 14, "fields": {"teacher": 19, "group_subject": 11, "semester": 4, "academic_year": "1223", "students": "[\"16\", \"18\", \"19\", \"17\", \"15\", \"23\"]"}}, {"model": "journal.teachersubject", "pk": 15, "fields": {"teacher": 17, "group_subject": 12, "semester": 5, "academic_year": "2022", "students": "[\"16\", \"18\", \"19\", \"17\", \"15\", \"23\"]"}}, {"model": "journal.teachersubject", "pk": 16, "fields": {"teacher": 17, "group_subject": 13, "semester": 7, "academic_year": "2022", "students": null}}, {"model": "journal.teachersubject", "pk": 17, "fields": {"teacher": 17, "group_subject": 14, "semester": 3, "academic_year": "2022", "students": null}}, {"model": "journal.lessontype", "pk": 5, "fields": {"name": "Лекція", "slug": "lekciya"}}, {"model": "journal.lessontype", "pk": 6, "fields": {"name": "Контрольна", "slug": "kontrolna"}}, {"model": "journal.lessontype", "pk": 7, "fields": {"name": "Підсумкова", "slug": "pidsumkova"}}, {"model": "journal.lessontype", "pk": 8, "fields": {"name": "Лабораторна", "slug": "laboratorna"}}, {"model": "journal.lessontype", "pk": 9, "fields": {"name": "Практична", "slug": "praktichna"}}, {"model": "journal.lessontype", "pk": 10, "fields": {"name": "Самостійна", "slug": "samostijna"}}, {"model": "journal.lesson", "pk": 26, "fields": {"date": "2022-05-09", "last_update": "2022-05-10T12:11:09.950Z", "topic": "Інтеграли", "homework": "Дуже-дуже багато завдання", "note": "", "type": 5, "teacher_subject": 9}}, {"model": "journal.lesson", "pk": 27, "fields": {"date": "2022-05-10", "last_update": "2022-05-10T10:58:56.151Z", "topic": "первісні", "homework": "та нічого", "note": "ну", "type": 5, "teacher_subject": 9}}, {"model": "journal.lesson", "pk": 28, "fields": {"date": "2022-05-08", "last_update": "2022-05-11T16:02:47.758Z", "topic": "все що пройшли", "homework": "нема", "note": "", "type": 6, "teacher_subject": 9}}, {"model": "journal.lesson", "pk": 29, "fields": {"date": "2022-05-09", "last_update": "2022-05-11T09:03:25.523Z", "topic": "лоолдлотдл", "homework": "дьлдлло", "note": "лотт", "type": 8, "teacher_subject": 10}}, {"model": "journal.lesson", "pk": 30, "fields": {"date": "2022-05-27", "last_update": "2022-05-11T09:04:50.473Z", "topic": "ввваіві", "homework": "ваааассс", "note": "ссіі", "type": 7, "teacher_subject": 10}}, {"model": "journal.lesson", "pk": 31, "fields": {"date": "2022-05-10", "last_update": "2022-05-10T11:06:08.976Z", "topic": "асчччіі", "homework": "віііссс", "note": "міміва", "type": 5, "teacher_subject": 10}}, {"model": "journal.lesson", "pk": 32, "fields": {"date": "2022-05-10", "last_update": "2022-05-10T11:06:25.242Z", "topic": "длмаьао", "homework": "ьсьс", "note": "оов", "type": 9, "teacher_subject": 10}}, {"model": "journal.lesson", "pk": 33, "fields": {"date": "2022-05-10", "last_update": "2022-05-10T11:06:43.695Z", "topic": "оат вмврсд", "homework": "лавоіті", "note": "двдба", "type": 7, "teacher_subject": 10}}, {"model": "journal.lesson", "pk": 34, "fields": {"date": "2022-04-26", "last_update": "2022-05-11T09:54:58.973Z", "topic": "лаоаоа", "homework": "оаоа", "note": "в", "type": 6, "teacher_subject": 10}}, {"model": "journal.lesson", "pk": 35, "fields": {"date": "2022-05-10", "last_update": "2022-05-10T11:07:18.436Z", "topic": "раоаоа", "homework": "щідлв", "note": "хзкук", "type": 7, "teacher_subject": 10}}, {"model": "journal.lesson", "pk": 36, "fields": {"date": "2022-04-28", "last_update": "2022-05-11T09:54:43.836Z", "topic": "орриие", "homework": "д", "note": "л", "type": 6, "teacher_subject": 10}}, {"model": "journal.lesson", "pk": 37, "fields": {"date": "2022-04-29", "last_update": "2022-05-11T09:54:32.783Z", "topic": "в", "homework": "п", "note": "р", "type": 5, "teacher_subject": 10}}, {"model": "journal.lesson", "pk": 38, "fields": {"date": "2022-04-30", "last_update": "2022-05-11T09:53:55.494Z", "topic": "к", "homework": "к", "note": "н", "type": 6, "teacher_subject": 10}}, {"model": "journal.lesson", "pk": 40, "fields": {"date": "2022-04-27", "last_update": "2022-05-11T09:54:53.712Z", "topic": "е", "homework": "е", "note": "е", "type": 5, "teacher_subject": 10}}, {"model": "journal.lesson", "pk": 43, "fields": {"date": "2022-05-31", "last_update": "2022-05-11T09:52:49.559Z", "topic": "в", "homework": "а", "note": "а", "type": 9, "teacher_subject": 10}}, {"model": "journal.lesson", "pk": 44, "fields": {"date": "2022-05-30", "last_update": "2022-05-11T09:52:42.662Z", "topic": "к", "homework": "у", "note": "к", "type": 5, "teacher_subject": 10}}, {"model": "journal.lesson", "pk": 45, "fields": {"date": "2022-05-29", "last_update": "2022-05-11T09:52:38.680Z", "topic": "к", "homework": "йй", "note": "й", "type": 5, "teacher_subject": 10}}, {"model": "journal.lesson", "pk": 46, "fields": {"date": "2022-05-21", "last_update": "2022-05-11T09:04:06.716Z", "topic": "е", "homework": "к", "note": "к", "type": 6, "teacher_subject": 10}}, {"model": "journal.lesson", "pk": 47, "fields": {"date": "2022-05-08", "last_update": "2022-05-11T09:12:33.126Z", "topic": "й", "homework": "в", "note": "о", "type": 6, "teacher_subject": 10}}, {"model": "journal.lesson", "pk": 48, "fields": {"date": "2022-05-22", "last_update": "2022-05-11T09:04:11.703Z", "topic": "нн", "homework": "ее", "note": "нн", "type": 5, "teacher_subject": 10}}, {"model": "journal.lesson", "pk": 49, "fields": {"date": "2022-05-16", "last_update": "2022-05-11T09:01:50.745Z", "topic": "н", "homework": "ш", "note": "ш", "type": 5, "teacher_subject": 10}}, {"model": "journal.lesson", "pk": 50, "fields": {"date": "2022-05-13", "last_update": "2022-05-11T09:01:32.080Z", "topic": "н", "homework": "ш", "note": "ш", "type": 5, "teacher_subject": 10}}, {"model": "journal.lesson", "pk": 51, "fields": {"date": "2022-05-04", "last_update": "2022-05-11T09:51:53.021Z", "topic": "н", "homework": "г", "note": "г", "type": 5, "teacher_subject": 10}}, {"model": "journal.lesson", "pk": 52, "fields": {"date": "2022-05-12", "last_update": "2022-05-11T09:01:26.914Z", "topic": "ш", "homework": "к", "note": "кк", "type": 5, "teacher_subject": 10}}, {"model": "journal.lesson", "pk": 53, "fields": {"date": "2022-05-14", "last_update": "2022-05-11T09:01:36.277Z", "topic": "к", "homework": "й", "note": "к", "type": 5, "teacher_subject": 10}}, {"model": "journal.lesson", "pk": 54, "fields": {"date": "2022-05-15", "last_update": "2022-05-11T09:01:41.115Z", "topic": "й", "homework": "ц", "note": "цц", "type": 5, "teacher_subject": 10}}, {"model": "journal.lesson", "pk": 55, "fields": {"date": "2022-05-17", "last_update": "2022-05-11T09:01:55.375Z", "topic": "е", "homework": "ке", "note": "н", "type": 5, "teacher_subject": 10}}, {"model": "journal.lesson", "pk": 56, "fields": {"date": "2022-05-18", "last_update": "2022-05-11T09:02:00.390Z", "topic": "к", "homework": "уе", "note": "е", "type": 5, "teacher_subject": 10}}, {"model": "journal.lesson", "pk": 57, "fields": {"date": "2022-05-19", "last_update": "2022-05-11T09:02:07.483Z", "topic": "е", "homework": "к", "note": "у", "type": 5, "teacher_subject": 10}}, {"model": "journal.lesson", "pk": 58, "fields": {"date": "2022-05-20", "last_update": "2022-05-11T09:02:13.808Z", "topic": "к", "homework": "уе", "note": "е", "type": 5, "teacher_subject": 10}}, {"model": "journal.lesson", "pk": 59, "fields": {"date": "2022-05-23", "last_update": "2022-05-11T09:04:15.982Z", "topic": "н", "homework": "еи", "note": "и", "type": 5, "teacher_subject": 10}}, {"model": "journal.lesson", "pk": 60, "fields": {"date": "2022-05-07", "last_update": "2022-05-11T09:51:38.781Z", "topic": "г", "homework": "г", "note": "г", "type": 5, "teacher_subject": 10}}, {"model": "journal.lesson", "pk": 61, "fields": {"date": "2022-06-09", "last_update": "2022-05-11T08:53:44.646Z", "topic": "гч", "homework": "ч", "note": "ч", "type": 5, "teacher_subject": 10}}, {"model": "journal.lesson", "pk": 62, "fields": {"date": "2022-06-24", "last_update": "2022-05-11T08:53:56.594Z", "topic": "к", "homework": "у", "note": "е", "type": 5, "teacher_subject": 10}}, {"model": "journal.lesson", "pk": 63, "fields": {"date": "2022-05-06", "last_update": "2022-05-11T09:51:43.388Z", "topic": "к", "homework": "і", "note": "т", "type": 5, "teacher_subject": 10}}, {"model": "journal.lesson", "pk": 64, "fields": {"date": "2022-05-05", "last_update": "2022-05-11T09:51:47.865Z", "topic": "ж", "homework": "у", "note": "к", "type": 5, "teacher_subject": 10}}, {"model": "journal.lesson", "pk": 65, "fields": {"date": "2022-05-03", "last_update": "2022-05-11T09:52:15.001Z", "topic": "л", "homework": "у", "note": "к", "type": 5, "teacher_subject": 10}}, {"model": "journal.lesson", "pk": 66, "fields": {"date": "2022-06-20", "last_update": "2022-05-11T09:07:48.789Z", "topic": "ее", "homework": "е", "note": "е", "type": 5, "teacher_subject": 10}}, {"model": "journal.lesson", "pk": 67, "fields": {"date": "2022-06-16", "last_update": "2022-05-11T09:07:41.737Z", "topic": "уц", "homework": "ц", "note": "е", "type": 5, "teacher_subject": 10}}, {"model": "journal.lesson", "pk": 68, "fields": {"date": "2022-05-02", "last_update": "2022-05-11T09:52:19.159Z", "topic": "я", "homework": "я", "note": "р", "type": 5, "teacher_subject": 10}}, {"model": "journal.lesson", "pk": 69, "fields": {"date": "2022-05-01", "last_update": "2022-05-11T09:52:23.778Z", "topic": "ф", "homework": "ф", "note": "ф", "type": 5, "teacher_subject": 10}}, {"model": "journal.lesson", "pk": 70, "fields": {"date": "2022-05-28", "last_update": "2022-05-11T09:52:34.303Z", "topic": "ф", "homework": "ф", "note": "ф", "type": 5, "teacher_subject": 10}}, {"model": "journal.lesson", "pk": 71, "fields": {"date": "2022-05-25", "last_update": "2022-05-11T09:04:40.121Z", "topic": "і", "homework": "і", "note": "і", "type": 8, "teacher_subject": 10}}, {"model": "journal.lesson", "pk": 72, "fields": {"date": "2022-05-26", "last_update": "2022-05-11T09:04:34.975Z", "topic": "щ", "homework": "щ", "note": "щ", "type": 5, "teacher_subject": 10}}, {"model": "journal.lesson", "pk": 73, "fields": {"date": "2022-05-24", "last_update": "2022-05-11T09:04:29.100Z", "topic": "н", "homework": "ц", "note": "н", "type": 5, "teacher_subject": 10}}, {"model": "journal.lesson", "pk": 74, "fields": {"date": "2022-05-13", "last_update": "2022-05-10T12:11:21.219Z", "topic": "sfg", "homework": "asdf", "note": "", "type": 7, "teacher_subject": 9}}, {"model": "journal.lesson", "pk": 75, "fields": {"date": "2022-09-12", "last_update": "2022-05-10T11:57:24.989Z", "topic": "asdf", "homework": "sdf", "note": "sdf", "type": 9, "teacher_subject": 9}}, {"model": "journal.lesson", "pk": 76, "fields": {"date": "2022-05-12", "last_update": "2022-05-16T14:13:48.118Z", "topic": "dfgdfg", "homework": "dfg", "note": "", "type": 7, "teacher_subject": 9}}, {"model": "journal.lesson", "pk": 77, "fields": {"date": "2022-05-17", "last_update": "2022-05-16T12:49:25.841Z", "topic": "sfg", "homework": "dfgdfg", "note": "fdg", "type": 8, "teacher_subject": 9}}, {"model": "journal.lesson", "pk": 78, "fields": {"date": "2022-05-11", "last_update": "2022-05-11T09:11:11.830Z", "topic": "kjk", "homework": "", "note": "", "type": 10, "teacher_subject": 10}}, {"model": "journal.lesson", "pk": 79, "fields": {"date": "2022-05-09", "last_update": "2022-05-11T14:44:04.511Z", "topic": "ddd", "homework": "", "note": "", "type": 9, "teacher_subject": 14}}, {"model": "journal.lesson", "pk": 80, "fields": {"date": "2022-05-11", "last_update": "2022-05-11T14:40:20.592Z", "topic": "dd", "homework": "", "note": "", "type": 7, "teacher_subject": 14}}, {"model": "journal.lesson", "pk": 81, "fields": {"date": "2022-05-10", "last_update": "2022-05-11T14:44:15.321Z", "topic": "cv", "homework": "", "note": "", "type": 5, "teacher_subject": 14}}, {"model": "journal.lesson", "pk": 82, "fields": {"date": "2022-05-18", "last_update": "2022-05-16T12:49:16.010Z", "topic": "gg", "homework": "", "note": "", "type": 8, "teacher_subject": 9}}, {"model": "journal.lesson", "pk": 83, "fields": {"date": "2022-05-11", "last_update": "2022-05-11T16:04:24.967Z", "topic": "sdf", "homework": "", "note": "", "type": 5, "teacher_subject": 9}}, {"model": "journal.lesson", "pk": 84, "fields": {"date": "2022-05-15", "last_update": "2022-05-15T12:41:16.261Z", "topic": "sadasd", "homework": "", "note": "", "type": 10, "teacher_subject": 9}}, {"model": "journal.lesson", "pk": 85, "fields": {"date": "2022-05-17", "last_update": "2022-05-17T15:33:12.837Z", "topic": "Вступний тест", "homework": "", "note": "", "type": 6, "teacher_subject": 15}}, {"model": "journal.studentlesson", "pk": 45, "fields": {"lesson": 26, "student": 15, "mark": "4", "date": "2022-05-09"}}, {"model": "journal.studentlesson", "pk": 46, "fields": {"lesson": 26, "student": 16, "mark": "2", "date": "2022-05-09"}}, {"model": "journal.studentlesson", "pk": 47, "fields": {"lesson": 26, "student": 19, "mark": "5", "date": "2022-05-09"}}, {"model": "journal.studentlesson", "pk": 48, "fields": {"lesson": 29, "student": 21, "mark": "5", "date": "2022-05-10"}}, {"model": "journal.studentlesson", "pk": 49, "fields": {"lesson": 29, "student": 20, "mark": "5", "date": "2022-05-10"}}, {"model": "journal.studentlesson", "pk": 50, "fields": {"lesson": 29, "student": 22, "mark": "4", "date": "2022-05-10"}}, {"model": "journal.studentlesson", "pk": 51, "fields": {"lesson": 30, "student": 20, "mark": "5", "date": "2022-05-10"}}, {"model": "journal.studentlesson", "pk": 53, "fields": {"lesson": 46, "student": 20, "mark": "н", "date": "2022-05-10"}}, {"model": "journal.studentlesson", "pk": 54, "fields": {"lesson": 47, "student": 22, "mark": "н", "date": "2022-05-11"}}, {"model": "journal.studentlesson", "pk": 55, "fields": {"lesson": 47, "student": 20, "mark": "3", "date": "2022-05-11"}}, {"model": "journal.studentlesson", "pk": 56, "fields": {"lesson": 47, "student": 21, "mark": "2", "date": "2022-05-11"}}, {"model": "journal.studentlesson", "pk": 57, "fields": {"lesson": 70, "student": 22, "mark": "5", "date": "2022-05-11"}}, {"model": "journal.studentlesson", "pk": 58, "fields": {"lesson": 31, "student": 22, "mark": "3", "date": "2022-05-11"}}, {"model": "journal.studentlesson", "pk": 59, "fields": {"lesson": 31, "student": 20, "mark": "4", "date": "2022-05-11"}}, {"model": "journal.studentlesson", "pk": 60, "fields": {"lesson": 31, "student": 21, "mark": "3", "date": "2022-05-11"}}, {"model": "journal.studentlesson", "pk": 61, "fields": {"lesson": 35, "student": 20, "mark": "2", "date": "2022-05-11"}}, {"model": "journal.studentlesson", "pk": 62, "fields": {"lesson": 35, "student": 22, "mark": "3", "date": "2022-05-11"}}, {"model": "journal.studentlesson", "pk": 63, "fields": {"lesson": 35, "student": 21, "mark": "2", "date": "2022-05-11"}}, {"model": "journal.studentlesson", "pk": 64, "fields": {"lesson": 33, "student": 21, "mark": "1", "date": "2022-05-11"}}, {"model": "journal.studentlesson", "pk": 65, "fields": {"lesson": 33, "student": 20, "mark": "5", "date": "2022-05-11"}}, {"model": "journal.studentlesson", "pk": 66, "fields": {"lesson": 67, "student": 22, "mark": "5", "date": "2022-05-11"}}, {"model": "journal.studentlesson", "pk": 67, "fields": {"lesson": 66, "student": 22, "mark": "3", "date": "2022-05-11"}}, {"model": "journal.studentlesson", "pk": 68, "fields": {"lesson": 62, "student": 20, "mark": "1", "date": "2022-05-11"}}, {"model": "journal.studentlesson", "pk": 69, "fields": {"lesson": 62, "student": 21, "mark": "2", "date": "2022-05-11"}}, {"model": "journal.studentlesson", "pk": 70, "fields": {"lesson": 67, "student": 20, "mark": "3", "date": "2022-05-11"}}, {"model": "journal.studentlesson", "pk": 71, "fields": {"lesson": 52, "student": 22, "mark": "3", "date": "2022-05-11"}}, {"model": "journal.studentlesson", "pk": 72, "fields": {"lesson": 52, "student": 20, "mark": "2", "date": "2022-05-11"}}, {"model": "journal.studentlesson", "pk": 73, "fields": {"lesson": 52, "student": 21, "mark": "1", "date": "2022-05-11"}}, {"model": "journal.studentlesson", "pk": 74, "fields": {"lesson": 75, "student": 15, "mark": "5", "date": "2022-05-11"}}, {"model": "journal.studentlesson", "pk": 75, "fields": {"lesson": 77, "student": 15, "mark": "2", "date": "2022-05-11"}}, {"model": "journal.studentlesson", "pk": 76, "fields": {"lesson": 81, "student": 15, "mark": "4", "date": "2022-05-11"}}, {"model": "journal.studentlesson", "pk": 77, "fields": {"lesson": 74, "student": 15, "mark": "5", "date": "2022-05-11"}}, {"model": "journal.studentlesson", "pk": 78, "fields": {"lesson": 28, "student": 15, "mark": "4", "date": "2022-05-11"}}, {"model": "journal.studentlesson", "pk": 79, "fields": {"lesson": 27, "student": 15, "mark": "5", "date": "2022-05-11"}}, {"model": "journal.studentlesson", "pk": 80, "fields": {"lesson": 76, "student": 15, "mark": "4", "date": "2022-05-11"}}, {"model": "journal.studentlesson", "pk": 81, "fields": {"lesson": 82, "student": 15, "mark": "5", "date": "2022-05-11"}}, {"model": "journal.studentlesson", "pk": 82, "fields": {"lesson": 83, "student": 15, "mark": "3", "date": "2022-05-11"}}, {"model": "journal.studentlesson", "pk": 83, "fields": {"lesson": 77, "student": 16, "mark": null, "date": "2022-05-12"}}, {"model": "journal.studentlesson", "pk": 84, "fields": {"lesson": 27, "student": 16, "mark": "4", "date": "2022-05-16"}}, {"model": "journal.studentlesson", "pk": 85, "fields": {"lesson": 27, "student": 19, "mark": "3", "date": "2022-05-16"}}, {"model": "journal.studentlesson", "pk": 86, "fields": {"lesson": 83, "student": 19, "mark": "4", "date": "2022-05-16"}}, {"model": "journal.message", "pk": 26, "fields": {"from_user": 48, "to_user": 52, "time": "2022-05-14T09:42:41.956Z", "text": "dsfsdf", "is_check": true}}, {"model": "journal.message", "pk": 27, "fields": {"from_user": 47, "to_user": 57, "time": "2022-05-14T14:24:48.017Z", "text": "", "is_check": false}}, {"model": "journal.message", "pk": 28, "fields": {"from_user": 47, "to_user": 57, "time": "2022-05-14T14:24:50.451Z", "text": "", "is_check": false}}, {"model": "journal.message", "pk": 29, "fields": {"from_user": 47, "to_user": 57, "time": "2022-05-14T14:27:38.747Z", "text": "Завтра треба на пару?", "is_check": false}}, {"model": "journal.message", "pk": 30, "fields": {"from_user": 52, "to_user": 47, "time": "2022-05-15T11:50:14.935Z", "text": "I can never be a puppet", "is_check": false}}, {"model": "journal.message", "pk": 31, "fields": {"from_user": 52, "to_user": 47, "time": "2022-05-15T11:50:42.730Z", "text": "Nightcore - Psycho\r\nNightcore - Puppet", "is_check": true}}, {"model": "journal.message", "pk": 32, "fields": {"from_user": 52, "to_user": 49, "time": "2022-05-15T14:48:30.654Z", "text": "dsfsdfsdfsdf", "is_check": false}}, {"model": "journal.replacement", "pk": 1, "fields": {"teacher": 18, "teacher_subject": 10, "date_from": "2022-05-11", "date_to": "2022-05-31"}}, {"model": "journal.replacement", "pk": 2, "fields": {"teacher": 20, "teacher_subject": 9, "date_from": "2022-05-12", "date_to": "2022-05-27"}}, {"model": "journal.replacement", "pk": 3, "fields": {"teacher": 20, "teacher_subject": 11, "date_from": "2022-05-16", "date_to": "2022-05-28"}}, {"model": "journal.replacement", "pk": 4, "fields": {"teacher": 18, "teacher_subject": 9, "date_from": "2022-05-16", "date_to": "2022-05-18"}}, {"model": "journal.replacement", "pk": 5, "fields": {"teacher": 19, "teacher_subject": 9, "date_from": "2022-05-16", "date_to": "2022-05-20"}}, {"model": "admin.logentry", "pk": 68, "fields": {"action_time": "2022-05-09T16:00:08.172Z", "user": 46, "content_type": 1, "object_id": "47", "object_repr": "Бадько Віктор", "action_flag": 1, "change_message": "[{\"added\": {}}]"}}, {"model": "admin.logentry", "pk": 69, "fields": {"action_time": "2022-05-09T16:01:42.128Z", "user": 46, "content_type": 2, "object_id": "17", "object_repr": "Бадько Віктор", "action_flag": 1, "change_message": "[{\"added\": {}}]"}}, {"model": "admin.logentry", "pk": 70, "fields": {"action_time": "2022-05-09T16:02:44.693Z", "user": 46, "content_type": 1, "object_id": "48", "object_repr": "Степанка Олена", "action_flag": 1, "change_message": "[{\"added\": {}}]"}}, {"model": "admin.logentry", "pk": 71, "fields": {"action_time": "2022-05-09T16:02:48.967Z", "user": 46, "content_type": 2, "object_id": "18", "object_repr": "Степанка Олена", "action_flag": 1, "change_message": "[{\"added\": {}}]"}}, {"model": "admin.logentry", "pk": 72, "fields": {"action_time": "2022-05-09T16:03:56.392Z", "user": 46, "content_type": 1, "object_id": "49", "object_repr": "Стопук Галина", "action_flag": 1, "change_message": "[{\"added\": {}}]"}}, {"model": "admin.logentry", "pk": 73, "fields": {"action_time": "2022-05-09T16:04:01.689Z", "user": 46, "content_type": 2, "object_id": "19", "object_repr": "Стопук Галина", "action_flag": 1, "change_message": "[{\"added\": {}}]"}}, {"model": "admin.logentry", "pk": 74, "fields": {"action_time": "2022-05-09T16:04:30.799Z", "user": 46, "content_type": 1, "object_id": "50", "object_repr": "Ванч Михайло", "action_flag": 1, "change_message": "[{\"added\": {}}]"}}, {"model": "admin.logentry", "pk": 75, "fields": {"action_time": "2022-05-09T16:04:33.809Z", "user": 46, "content_type": 2, "object_id": "20", "object_repr": "Ванч Михайло", "action_flag": 1, "change_message": "[{\"added\": {}}]"}}, {"model": "admin.logentry", "pk": 76, "fields": {"action_time": "2022-05-09T16:05:18.820Z", "user": 46, "content_type": 3, "object_id": "4", "object_repr": "1-МП-9", "action_flag": 1, "change_message": "[{\"added\": {}}]"}}, {"model": "admin.logentry", "pk": 77, "fields": {"action_time": "2022-05-09T16:06:02.420Z", "user": 46, "content_type": 3, "object_id": "5", "object_repr": "1-AK-47", "action_flag": 1, "change_message": "[{\"added\": {}}]"}}, {"model": "admin.logentry", "pk": 78, "fields": {"action_time": "2022-05-09T16:07:45.260Z", "user": 46, "content_type": 3, "object_id": "6", "object_repr": "1-КТ-19", "action_flag": 1, "change_message": "[{\"added\": {}}]"}}, {"model": "admin.logentry", "pk": 79, "fields": {"action_time": "2022-05-09T16:10:02.641Z", "user": 46, "content_type": 6, "object_id": "3", "object_repr": "П'ятибальна", "action_flag": 1, "change_message": "[{\"added\": {}}]"}}, {"model": "admin.logentry", "pk": 80, "fields": {"action_time": "2022-05-09T16:10:13.369Z", "user": 46, "content_type": 6, "object_id": "4", "object_repr": "Дванадцятибальна", "action_flag": 1, "change_message": "[{\"added\": {}}]"}}, {"model": "admin.logentry", "pk": 81, "fields": {"action_time": "2022-05-09T16:12:20.299Z", "user": 46, "content_type": 1, "object_id": "51", "object_repr": "Варчук Дмитро", "action_flag": 1, "change_message": "[{\"added\": {}}]"}}, {"model": "admin.logentry", "pk": 82, "fields": {"action_time": "2022-05-09T16:12:23.590Z", "user": 46, "content_type": 4, "object_id": "14", "object_repr": "Варчук Дмитро", "action_flag": 1, "change_message": "[{\"added\": {}}]"}}, {"model": "admin.logentry", "pk": 83, "fields": {"action_time": "2022-05-09T16:12:57.379Z", "user": 46, "content_type": 1, "object_id": "52", "object_repr": "Маккол Джеремі", "action_flag": 1, "change_message": "[{\"added\": {}}]"}}, {"model": "admin.logentry", "pk": 84, "fields": {"action_time": "2022-05-09T16:12:59.944Z", "user": 46, "content_type": 4, "object_id": "15", "object_repr": "Маккол Джеремі", "action_flag": 1, "change_message": "[{\"added\": {}}]"}}, {"model": "admin.logentry", "pk": 85, "fields": {"action_time": "2022-05-09T16:13:30.147Z", "user": 46, "content_type": 1, "object_id": "53", "object_repr": "Бандера Степан", "action_flag": 1, "change_message": "[{\"added\": {}}]"}}, {"model": "admin.logentry", "pk": 86, "fields": {"action_time": "2022-05-09T16:13:33.807Z", "user": 46, "content_type": 4, "object_id": "16", "object_repr": "Бандера Степан", "action_flag": 1, "change_message": "[{\"added\": {}}]"}}, {"model": "admin.logentry", "pk": 87, "fields": {"action_time": "2022-05-09T16:14:10.017Z", "user": 46, "content_type": 1, "object_id": "54", "object_repr": "Катьок Лавона", "action_flag": 1, "change_message": "[{\"added\": {}}]"}}, {"model": "admin.logentry", "pk": 88, "fields": {"action_time": "2022-05-09T16:14:12.118Z", "user": 46, "content_type": 4, "object_id": "17", "object_repr": "Катьок Лавона", "action_flag": 1, "change_message": "[{\"added\": {}}]"}}, {"model": "admin.logentry", "pk": 89, "fields": {"action_time": "2022-05-09T16:14:43.423Z", "user": 46, "content_type": 1, "object_id": "55", "object_repr": "Батьківна Люмін", "action_flag": 1, "change_message": "[{\"added\": {}}]"}}, {"model": "admin.logentry", "pk": 90, "fields": {"action_time": "2022-05-09T16:14:45.168Z", "user": 46, "content_type": 4, "object_id": "18", "object_repr": "Батьківна Люмін", "action_flag": 1, "change_message": "[{\"added\": {}}]"}}, {"model": "admin.logentry", "pk": 91, "fields": {"action_time": "2022-05-09T16:15:14.232Z", "user": 46, "content_type": 1, "object_id": "56", "object_repr": "Батькович Ітер", "action_flag": 1, "change_message": "[{\"added\": {}}]"}}, {"model": "admin.logentry", "pk": 92, "fields": {"action_time": "2022-05-09T16:15:16.175Z", "user": 46, "content_type": 4, "object_id": "19", "object_repr": "Батькович Ітер", "action_flag": 1, "change_message": "[{\"added\": {}}]"}}, {"model": "admin.logentry", "pk": 93, "fields": {"action_time": "2022-05-09T16:15:39.784Z", "user": 46, "content_type": 1, "object_id": "57", "object_repr": "Романов Ігор", "action_flag": 1, "change_message": "[{\"added\": {}}]"}}, {"model": "admin.logentry", "pk": 94, "fields": {"action_time": "2022-05-09T16:15:41.894Z", "user": 46, "content_type": 4, "object_id": "20", "object_repr": "Романов Ігор", "action_flag": 1, "change_message": "[{\"added\": {}}]"}}, {"model": "admin.logentry", "pk": 95, "fields": {"action_time": "2022-05-09T16:16:03.392Z", "user": 46, "content_type": 1, "object_id": "58", "object_repr": "Стовбур Галина", "action_flag": 1, "change_message": "[{\"added\": {}}]"}}, {"model": "admin.logentry", "pk": 96, "fields": {"action_time": "2022-05-09T16:16:04.764Z", "user": 46, "content_type": 4, "object_id": "21", "object_repr": "Стовбур Галина", "action_flag": 1, "change_message": "[{\"added\": {}}]"}}, {"model": "admin.logentry", "pk": 97, "fields": {"action_time": "2022-05-09T16:16:28.444Z", "user": 46, "content_type": 1, "object_id": "59", "object_repr": "Капронов Дерек", "action_flag": 1, "change_message": "[{\"added\": {}}]"}}, {"model": "admin.logentry", "pk": 98, "fields": {"action_time": "2022-05-09T16:16:30.594Z", "user": 46, "content_type": 4, "object_id": "22", "object_repr": "Капронов Дерек", "action_flag": 1, "change_message": "[{\"added\": {}}]"}}, {"model": "admin.logentry", "pk": 99, "fields": {"action_time": "2022-05-09T16:17:01.133Z", "user": 46, "content_type": 1, "object_id": "60", "object_repr": "Теппейов Теппей", "action_flag": 1, "change_message": "[{\"added\": {}}]"}}, {"model": "admin.logentry", "pk": 100, "fields": {"action_time": "2022-05-09T16:17:02.911Z", "user": 46, "content_type": 4, "object_id": "23", "object_repr": "Теппейов Теппей", "action_flag": 1, "change_message": "[{\"added\": {}}]"}}, {"model": "admin.logentry", "pk": 101, "fields": {"action_time": "2022-05-09T16:19:36.943Z", "user": 46, "content_type": 10, "object_id": "4", "object_repr": "Математика", "action_flag": 1, "change_message": "[{\"added\": {}}]"}}, {"model": "admin.logentry", "pk": 102, "fields": {"action_time": "2022-05-09T16:19:44.821Z", "user": 46, "content_type": 7, "object_id": "7", "object_repr": "Математика 1-МП-9", "action_flag": 1, "change_message": "[{\"added\": {}}]"}}, {"model": "admin.logentry", "pk": 103, "fields": {"action_time": "2022-05-09T16:19:54.899Z", "user": 46, "content_type": 9, "object_id": "9", "object_repr": "Бадько Віктор - Математика 1-МП-9", "action_flag": 1, "change_message": "[{\"added\": {}}]"}}, {"model": "admin.logentry", "pk": 104, "fields": {"action_time": "2022-05-09T16:20:18.479Z", "user": 46, "content_type": 7, "object_id": "8", "object_repr": "Математика 1-AK-47", "action_flag": 1, "change_message": "[{\"added\": {}}]"}}, {"model": "admin.logentry", "pk": 105, "fields": {"action_time": "2022-05-09T16:20:26.678Z", "user": 46, "content_type": 9, "object_id": "10", "object_repr": "Бадько Віктор - Математика 1-AK-47", "action_flag": 1, "change_message": "[{\"added\": {}}]"}}, {"model": "admin.logentry", "pk": 106, "fields": {"action_time": "2022-05-09T16:20:51.878Z", "user": 46, "content_type": 9, "object_id": "11", "object_repr": "Степанка Олена - Математика 1-МП-9", "action_flag": 1, "change_message": "[{\"added\": {}}]"}}, {"model": "admin.logentry", "pk": 107, "fields": {"action_time": "2022-05-09T16:21:25.181Z", "user": 46, "content_type": 10, "object_id": "5", "object_repr": "Фізична культура", "action_flag": 1, "change_message": "[{\"added\": {}}]"}}, {"model": "admin.logentry", "pk": 108, "fields": {"action_time": "2022-05-09T16:21:28.867Z", "user": 46, "content_type": 7, "object_id": "9", "object_repr": "Фізична культура 1-КТ-19", "action_flag": 1, "change_message": "[{\"added\": {}}]"}}, {"model": "admin.logentry", "pk": 109, "fields": {"action_time": "2022-05-09T16:21:35.668Z", "user": 46, "content_type": 9, "object_id": "12", "object_repr": "Стопук Галина - Фізична культура 1-КТ-19", "action_flag": 1, "change_message": "[{\"added\": {}}]"}}, {"model": "admin.logentry", "pk": 110, "fields": {"action_time": "2022-05-09T16:22:28.164Z", "user": 46, "content_type": 10, "object_id": "6", "object_repr": "Основи мет-препаратів", "action_flag": 1, "change_message": "[{\"added\": {}}]"}}, {"model": "admin.logentry", "pk": 111, "fields": {"action_time": "2022-05-09T16:22:35.856Z", "user": 46, "content_type": 7, "object_id": "10", "object_repr": "Основи мет-препаратів 1-AK-47", "action_flag": 1, "change_message": "[{\"added\": {}}]"}}, {"model": "admin.logentry", "pk": 112, "fields": {"action_time": "2022-05-09T16:22:45.485Z", "user": 46, "content_type": 9, "object_id": "13", "object_repr": "Ванч Михайло - Основи мет-препаратів 1-AK-47", "action_flag": 1, "change_message": "[{\"added\": {}}]"}}, {"model": "admin.logentry", "pk": 113, "fields": {"action_time": "2022-05-09T16:24:20.959Z", "user": 46, "content_type": 12, "object_id": "5", "object_repr": "Лекція", "action_flag": 1, "change_message": "[{\"added\": {}}]"}}, {"model": "admin.logentry", "pk": 114, "fields": {"action_time": "2022-05-09T16:24:28.801Z", "user": 46, "content_type": 12, "object_id": "6", "object_repr": "Контрольна", "action_flag": 1, "change_message": "[{\"added\": {}}]"}}, {"model": "admin.logentry", "pk": 115, "fields": {"action_time": "2022-05-09T16:24:44.549Z", "user": 46, "content_type": 12, "object_id": "7", "object_repr": "Підсумкова", "action_flag": 1, "change_message": "[{\"added\": {}}]"}}, {"model": "admin.logentry", "pk": 116, "fields": {"action_time": "2022-05-09T16:25:20.489Z", "user": 46, "content_type": 12, "object_id": "8", "object_repr": "Лабораторна", "action_flag": 1, "change_message": "[{\"added\": {}}]"}}, {"model": "admin.logentry", "pk": 117, "fields": {"action_time": "2022-05-09T16:25:25.991Z", "user": 46, "content_type": 12, "object_id": "9", "object_repr": "Практична", "action_flag": 1, "change_message": "[{\"added\": {}}]"}}, {"model": "admin.logentry", "pk": 118, "fields": {"action_time": "2022-05-09T16:28:18.332Z", "user": 46, "content_type": 1, "object_id": "47", "object_repr": "Бадько Віктор", "action_flag": 2, "change_message": "[{\"changed\": {\"fields\": [\"\\u0420\\u043e\\u043b\\u044c\"]}}]"}}, {"model": "admin.logentry", "pk": 119, "fields": {"action_time": "2022-05-09T16:28:27.060Z", "user": 46, "content_type": 1, "object_id": "48", "object_repr": "Степанка Олена", "action_flag": 2, "change_message": "[{\"changed\": {\"fields\": [\"\\u0420\\u043e\\u043b\\u044c\"]}}]"}}, {"model": "admin.logentry", "pk": 120, "fields": {"action_time": "2022-05-09T16:28:34.669Z", "user": 46, "content_type": 1, "object_id": "49", "object_repr": "Стопук Галина", "action_flag": 2, "change_message": "[{\"changed\": {\"fields\": [\"\\u0420\\u043e\\u043b\\u044c\"]}}]"}}, {"model": "admin.logentry", "pk": 121, "fields": {"action_time": "2022-05-09T16:28:41.812Z", "user": 46, "content_type": 1, "object_id": "50", "object_repr": "Ванч Михайло", "action_flag": 2, "change_message": "[{\"changed\": {\"fields\": [\"\\u0420\\u043e\\u043b\\u044c\"]}}]"}}, {"model": "admin.logentry", "pk": 122, "fields": {"action_time": "2022-05-09T16:52:00.132Z", "user": 46, "content_type": 1, "object_id": "46", "object_repr": "admin ad", "action_flag": 2, "change_message": "[{\"changed\": {\"fields\": [\"\\u0420\\u043e\\u043b\\u044c\"]}}]"}}, {"model": "admin.logentry", "pk": 123, "fields": {"action_time": "2022-05-09T16:52:21.354Z", "user": 46, "content_type": 1, "object_id": "50", "object_repr": "Ванч Михайло", "action_flag": 2, "change_message": "[{\"changed\": {\"fields\": [\"\\u0410\\u0432\\u0430\\u0442\\u0430\\u0440\"]}}]"}}, {"model": "admin.logentry", "pk": 124, "fields": {"action_time": "2022-05-09T16:52:33.789Z", "user": 46, "content_type": 1, "object_id": "49", "object_repr": "Стопук Галина", "action_flag": 2, "change_message": "[{\"changed\": {\"fields\": [\"\\u0410\\u0432\\u0430\\u0442\\u0430\\u0440\"]}}]"}}, {"model": "admin.logentry", "pk": 125, "fields": {"action_time": "2022-05-09T16:52:47.780Z", "user": 46, "content_type": 1, "object_id": "51", "object_repr": "Варчук Дмитро", "action_flag": 2, "change_message": "[{\"changed\": {\"fields\": [\"\\u0410\\u0432\\u0430\\u0442\\u0430\\u0440\"]}}]"}}, {"model": "admin.logentry", "pk": 126, "fields": {"action_time": "2022-05-09T16:53:05.459Z", "user": 46, "content_type": 1, "object_id": "53", "object_repr": "Бандера Степан", "action_flag": 2, "change_message": "[{\"changed\": {\"fields\": [\"\\u0410\\u0432\\u0430\\u0442\\u0430\\u0440\"]}}]"}}, {"model": "admin.logentry", "pk": 127, "fields": {"action_time": "2022-05-09T16:53:25.191Z", "user": 46, "content_type": 1, "object_id": "54", "object_repr": "Катьок Лавона", "action_flag": 2, "change_message": "[{\"changed\": {\"fields\": [\"\\u0410\\u0432\\u0430\\u0442\\u0430\\u0440\"]}}]"}}, {"model": "admin.logentry", "pk": 128, "fields": {"action_time": "2022-05-11T08:46:13.072Z", "user": 46, "content_type": 12, "object_id": "10", "object_repr": "Самостійна", "action_flag": 1, "change_message": "[{\"added\": {}}]"}}, {"model": "admin.logentry", "pk": 129, "fields": {"action_time": "2022-05-11T14:39:14.997Z", "user": 46, "content_type": 10, "object_id": "7", "object_repr": "Колоїдна хімія", "action_flag": 1, "change_message": "[{\"added\": {}}]"}}, {"model": "admin.logentry", "pk": 130, "fields": {"action_time": "2022-05-11T14:39:18.797Z", "user": 46, "content_type": 7, "object_id": "11", "object_repr": "Колоїдна хімія 1-МП-9", "action_flag": 1, "change_message": "[{\"added\": {}}]"}}, {"model": "admin.logentry", "pk": 131, "fields": {"action_time": "2022-05-11T14:39:30.370Z", "user": 46, "content_type": 9, "object_id": "14", "object_repr": "Стопук Галина - Колоїдна хімія 1-МП-9", "action_flag": 1, "change_message": "[{\"added\": {}}]"}}, {"model": "admin.logentry", "pk": 132, "fields": {"action_time": "2022-05-17T15:51:45.555Z", "user": 46, "content_type": 20, "object_id": "1", "object_repr": "Державна", "action_flag": 1, "change_message": "[{\"added\": {}}]"}}, {"model": "admin.logentry", "pk": 133, "fields": {"action_time": "2022-05-17T15:51:53.266Z", "user": 46, "content_type": 20, "object_id": "2", "object_repr": "Контракт", "action_flag": 1, "change_message": "[{\"added\": {}}]"}}, {"model": "sessions.session", "pk": "3rp8cy85idairiyu8u0pi6q82lv5f9e0", "fields": {"session_data": ".eJxVjEEOwiAQAP_C2RCBUsCjd99Alt1FqgaS0p6MfzckPeh1ZjJvEWHfStw7r3EhcRGTE6dfmACfXIehB9R7k9jqti5JjkQetstbI35dj_ZvUKCX8dXZsM8-zKCIiYLT3hA7a11WbLVJs8sBFAams0ZFCQGyS2FCUjpp8fkCIak5Bw:1noohA:sIzDtdtuBVPlqhQaRswK45likdLxXGYzCAlFtsFbeAs", "expire_date": "2022-05-25T15:56:12.394Z"}}, {"model": "sessions.session", "pk": "9uxrks4h9m0npns04bklxi7lm772f96i", "fields": {"session_data": ".eJxVjMsOwiAQRf-FtSE8Zlpw6d5vIDOAUjWQlHZl_HfbpAvdnnPufYtA61LC2vMcpiTOAo04_UKm-Mx1N-lB9d5kbHWZJ5Z7Ig_b5bWl_Loc7d9BoV62NVnwabBI4Dg65RENsHc3i4o5szYJ3QYiAxHqrAEU6HF0A3hjok3i8wX00zdD:1nqzhA:hACmw4LHpBmk6IdKJ-gLKho6hCWzdPU7EkOIVeN8Sug", "expire_date": "2022-05-31T16:05:12.777Z"}}, {"model": "sessions.session", "pk": "mx3tq6p9ar1gig4ccgu438ebidqdrofg", "fields": {"session_data": ".eJxVjEEOwiAQAP_C2RCBUsCjd99Alt1FqgaS0p6MfzckPeh1ZjJvEWHfStw7r3EhcRGTE6dfmACfXIehB9R7k9jqti5JjkQetstbI35dj_ZvUKCX8dXZsM8-zKCIiYLT3hA7a11WbLVJs8sBFAams0ZFCQGyS2FCUjpp8fkCIak5Bw:1noNXK:qpXp8BAq7_ocPe23V6lAotkSCJsKV--A7phDY00ITYo", "expire_date": "2022-05-24T10:56:14.680Z"}}, {"model": "sessions.session", "pk": "qntxir93m59t87s462h7m8hiaegkxbn2", "fields": {"session_data": ".eJxVjEEOwiAQAP_C2RCBUsCjd99Alt1FqgaS0p6MfzckPeh1ZjJvEWHfStw7r3EhcRGTE6dfmACfXIehB9R7k9jqti5JjkQetstbI35dj_ZvUKCX8dXZsM8-zKCIiYLT3hA7a11WbLVJs8sBFAams0ZFCQGyS2FCUjpp8fkCIak5Bw:1no6nb:wYPr2dN7xcTeXbGFoJTY8usUwqgu2I_PTW4GpbqmzyM", "expire_date": "2022-05-23T17:03:55.877Z"}}, {"model": "sessions.session", "pk": "ubrtgazjlim8nuxim63knssrihrex36t", "fields": {"session_data": ".eJxVjEEOwiAQRe_C2hDAwQ4u3XsGMsOAVA1NSrsy3l2bdKHb_977LxVpXWpce57jKOqsIKjD78iUHrltRO7UbpNOU1vmkfWm6J12fZ0kPy-7-3dQqddv7ZnJkZV8RCNQTpBIkkHMzEMJDgILeLRgxGUs1iZGsF4kGFPE-0G9Py-dOJY:1nr072:i7e18agrcBK1QiPmZCiArBPuFQ06ws7Y2KgUYYDX8s8", "expire_date": "2022-05-31T16:31:56.989Z"}}]