[{"model": "journal.customuser", "pk": 1, "fields": {"password": "pbkdf2_sha256$320000$iQH6Udh3YBi4uhSFjj6BSO$/DBRF/D2aHOTHBdPN3skS6nxri87ViKrvZOd1xhIHec=", "last_login": "2022-03-27T18:03:31.233Z", "name": "123", "surname": "123", "patronymic": null, "email": "123@213.com", "phone_number": "", "avatar": "", "date_of_birth": null, "about": null, "role": "Other", "is_active": true, "is_staff": false, "is_admin": false}}, {"model": "journal.customuser", "pk": 2, "fields": {"password": "pbkdf2_sha256$320000$aKC0eoIbUPkTDg29FVweK4$kmxpWNtY1/Nrjpcl6NlleFQamMRbNZi5tXJZ+mRPZ5U=", "last_login": null, "name": "test", "surname": "test", "patronymic": null, "email": "test@test.com", "phone_number": "", "avatar": "", "date_of_birth": null, "about": null, "role": "Other", "is_active": true, "is_staff": false, "is_admin": false}}, {"model": "journal.customuser", "pk": 3, "fields": {"password": "pbkdf2_sha256$320000$Ovb7crsUsdJwbYzCnHTyrD$WEp5FrkctjgAxBkJUQ2+HHYQ8Zt5/yfutZDJYz8pQ34=", "last_login": null, "name": "123", "surname": "123", "patronymic": null, "email": "123@123.com", "phone_number": null, "avatar": "", "date_of_birth": null, "about": null, "role": "Other", "is_active": false, "is_staff": false, "is_admin": false}}, {"model": "journal.customuser", "pk": 4, "fields": {"password": "pbkdf2_sha256$320000$8jW6nstP2JRKO9K8wEmP5W$dlwjmlsZwCiK1SJiWTme4BPmQjTEDJSJ3I71PYHsNZw=", "last_login": null, "name": "tes2", "surname": "test2", "patronymic": null, "email": "test2@test.com", "phone_number": "", "avatar": "", "date_of_birth": null, "about": null, "role": "Other", "is_active": true, "is_staff": false, "is_admin": false}}, {"model": "journal.customuser", "pk": 5, "fields": {"password": "pbkdf2_sha256$320000$TmVCeTv5vHgEBCnY4RcXJG$zDbS2q8JclJQhT7bY67UfYfMOhb4L+uAmTtisFHwsUE=", "last_login": null, "name": "user1", "surname": "user1", "patronymic": null, "email": "user1@gam.com", "phone_number": "", "avatar": "", "date_of_birth": null, "about": null, "role": "Other", "is_active": true, "is_staff": false, "is_admin": false}}, {"model": "journal.customuser", "pk": 6, "fields": {"password": "!65nrh1zlHw1s8Pzvxd1TboKY2YzNkv3OGW0NFE0R", "last_login": null, "name": "us", "surname": "us", "patronymic": null, "email": "user2@use.com", "phone_number": "", "avatar": "", "date_of_birth": null, "about": null, "role": "Other", "is_active": true, "is_staff": false, "is_admin": false}}, {"model": "journal.customuser", "pk": 7, "fields": {"password": "pbkdf2_sha256$320000$KOkKQ7Aq99gxpWKjc7gQ7n$kB4qH+FEkEA+SkMzyzEmg+scKijpif5Vposai/79M3s=", "last_login": null, "name": "usd", "surname": "usd", "patronymic": null, "email": "userrr@us.cm", "phone_number": "", "avatar": "", "date_of_birth": null, "about": null, "role": "Other", "is_active": true, "is_staff": false, "is_admin": false}}, {"model": "journal.customuser", "pk": 8, "fields": {"password": "pbkdf2_sha256$320000$rzeFbf6GCBNGrWM4Fi69Mw$xaY4Kr7FbQQ0a9m5BCEdI6pbcYAZvFWwNfqPXegfCFA=", "last_login": null, "name": "sdf", "surname": "sdf", "patronymic": null, "email": "ussss@is.dasf", "phone_number": "", "avatar": "", "date_of_birth": null, "about": null, "role": "Other", "is_active": true, "is_staff": false, "is_admin": false}}, {"model": "journal.customuser", "pk": 9, "fields": {"password": "pbkdf2_sha256$320000$EasmaDbYKmRp3UOISqfmTm$8CAcAciF8GV5hJ3KL7KYVUT2WZZSJ7X+/PLZ8kvRGhw=", "last_login": null, "name": "vbn", "surname": "vnb", "patronymic": null, "email": "ussssss@sad.sdf", "phone_number": "", "avatar": "", "date_of_birth": null, "about": null, "role": "Other", "is_active": true, "is_staff": false, "is_admin": false}}, {"model": "journal.customuser", "pk": 10, "fields": {"password": "123", "last_login": null, "name": "dima", "surname": "Varchuk", "patronymic": null, "email": "dima@dima.com", "phone_number": "", "avatar": "", "date_of_birth": null, "about": null, "role": "Other", "is_active": true, "is_staff": false, "is_admin": false}}, {"model": "journal.customuser", "pk": 11, "fields": {"password": "pbkdf2_sha256$320000$vzDZe3rfbpOBRBhUXzL8W9$JpQX4HEqG7ME8rlrRxRoNLpr1ksZJjcYIUfY2rvEr1E=", "last_login": null, "name": "sadfsd", "surname": "asdfsag", "patronymic": null, "email": "user1@sdfsdf.sdf", "phone_number": null, "avatar": "", "date_of_birth": null, "about": null, "role": "Other", "is_active": true, "is_staff": false, "is_admin": false}}, {"model": "journal.customuser", "pk": 13, "fields": {"password": "pbkdf2_sha256$320000$F6GqxtybnjVIabOhAE9R6f$e8WZB8hZdCowSj/eesna15jdsFPDMIIgPrqAUWbSTHY=", "last_login": null, "name": "admin", "surname": "admin", "patronymic": null, "email": "admin@admin.com", "phone_number": null, "avatar": "", "date_of_birth": null, "about": null, "role": "Other", "is_active": true, "is_staff": false, "is_admin": false}}, {"model": "journal.customuser", "pk": 14, "fields": {"password": "pbkdf2_sha256$320000$V9EOygdZbfSLP0m7OXEreP$5ngiADQZoPQGR8MhctoJzziYhv/9MJx/9onKpqQnuuc=", "last_login": null, "name": "12", "surname": "12", "patronymic": null, "email": "12@12.com", "phone_number": null, "avatar": "", "date_of_birth": null, "about": null, "role": "Other", "is_active": true, "is_staff": false, "is_admin": false}}, {"model": "journal.customuser", "pk": 15, "fields": {"password": "pbkdf2_sha256$320000$pkrFhOQIfCA4DW6R2r0j31$B5PqEJjviv+i6biOiKXrmzDaFywl/ej2JVEknWhT5So=", "last_login": "2022-05-07T12:05:40.072Z", "name": "admin", "surname": "admin", "patronymic": "admin", "email": "admin@admin.net", "phone_number": "0966951052", "avatar": "user/avatar/718277_X5Y38Q4.jpg", "date_of_birth": "2003-12-23", "about": "", "role": "Admin", "is_active": true, "is_staff": true, "is_admin": true}}, {"model": "journal.customuser", "pk": 16, "fields": {"password": "pbkdf2_sha256$320000$Qn2aBV6N6uUiST782WnhnA$ZzaAIdWSXNOlZM9gjfmJWlsOEGX/2eVZ3LP8k/MUn0M=", "last_login": null, "name": "wer", "surname": "wer", "patronymic": null, "email": "wer@wer.com", "phone_number": null, "avatar": "", "date_of_birth": null, "about": null, "role": "Other", "is_active": true, "is_staff": false, "is_admin": false}}, {"model": "journal.customuser", "pk": 17, "fields": {"password": "pbkdf2_sha256$320000$Jo0Bg5XiVbPV4Yc7x8XlYK$iGELzuU4ujrB8f4+UiWaHmPIG0JLGRh9ZStC00Bd/ds=", "last_login": null, "name": "adf", "surname": "asdf", "patronymic": null, "email": "sdf@df.sdf", "phone_number": null, "avatar": "", "date_of_birth": null, "about": null, "role": "Other", "is_active": true, "is_staff": false, "is_admin": false}}, {"model": "journal.customuser", "pk": 18, "fields": {"password": "!gHz3qNx6rmxWNPx6ql97RYsutTtpfg8b3VemlgBz", "last_login": null, "name": "sdf", "surname": "sdfdsfg", "patronymic": null, "email": "dfgsdfg@sdf.sdf", "phone_number": null, "avatar": "", "date_of_birth": null, "about": null, "role": "Other", "is_active": true, "is_staff": false, "is_admin": false}}, {"model": "journal.customuser", "pk": 19, "fields": {"password": "pbkdf2_sha256$320000$PaUP522VvbEeJLyQWr97Ia$QDCs6IVHMcr4kq3/l+S+m5kVcI/Ylt15zFF9an+sxA8=", "last_login": null, "name": "sdf;gj;xlkc", "surname": ";[poiuixcv", "patronymic": null, "email": "asd@asdfff.dd", "phone_number": null, "avatar": "", "date_of_birth": null, "about": null, "role": "Other", "is_active": true, "is_staff": false, "is_admin": false}}, {"model": "journal.customuser", "pk": 20, "fields": {"password": "pbkdf2_sha256$320000$tlByj80ww37vxfmoFe9aXA$3pdKbYMWKPsqSWzbkXP6SwZ7w5V3lGS/Z0en1XKBI6c=", "last_login": "2022-03-25T18:06:45.353Z", "name": "asdf", "surname": "sdf", "patronymic": null, "email": "sdf@asdfjdk.sdf", "phone_number": null, "avatar": "", "date_of_birth": null, "about": null, "role": "Other", "is_active": true, "is_staff": false, "is_admin": false}}, {"model": "journal.customuser", "pk": 21, "fields": {"password": "pbkdf2_sha256$320000$XRdorh42QHpujbh9xR7XcQ$TrG+U0BSgYFtc8tn7A1sa9b+YpOz/K4+H5n9PSo8WsM=", "last_login": "2022-03-27T09:41:11.655Z", "name": "123", "surname": "123", "patronymic": null, "email": "123@123.net", "phone_number": null, "avatar": "", "date_of_birth": null, "about": null, "role": "Other", "is_active": false, "is_staff": false, "is_admin": false}}, {"model": "journal.customuser", "pk": 22, "fields": {"password": "pbkdf2_sha256$320000$VNXyzwj3RU2SRlT7FAzXm8$WlWDpOq3LtmF0Z7ZI4X/x/QGnQO5JA8DKn43bnDg1h8=", "last_login": "2022-03-27T10:22:52.788Z", "name": "sdfgdfqsdg", "surname": "sdfgsd", "patronymic": null, "email": "1231233@kjjd.vv", "phone_number": null, "avatar": "", "date_of_birth": null, "about": null, "role": "Other", "is_active": true, "is_staff": false, "is_admin": false}}, {"model": "journal.customuser", "pk": 23, "fields": {"password": "pbkdf2_sha256$320000$7Sqy1tOc7PjLE1ZnfzK8JE$NobXdTdHoOaX0srnBo+nf5hcM4yyW/OU/nUa0QMOB1A=", "last_login": "2022-03-27T10:23:16.714Z", "name": "1233312123321", "surname": "8656556656566", "patronymic": null, "email": "1234234@sfdg.sdfg", "phone_number": null, "avatar": "", "date_of_birth": null, "about": null, "role": "Other", "is_active": true, "is_staff": false, "is_admin": false}}, {"model": "journal.customuser", "pk": 24, "fields": {"password": "pbkdf2_sha256$320000$wTQQr0xjuO1ArjmGITXAWu$uFy3/DAo8fMq4O6mDxVx8+XJMtJcx+Z41eIyZPILPxg=", "last_login": "2022-03-27T11:09:18.765Z", "name": "23123", "surname": "wedfhf", "patronymic": null, "email": "asdasd@sdffff.gfhh", "phone_number": null, "avatar": "", "date_of_birth": null, "about": null, "role": "Other", "is_active": true, "is_staff": false, "is_admin": false}}, {"model": "journal.customuser", "pk": 25, "fields": {"password": "pbkdf2_sha256$320000$Rrs5m2POVM6CPZwgrAFgk0$jyC17mml/ERWOFcE67i6/YhhWLmHDy896eKIiIqnNNI=", "last_login": "2022-03-27T11:14:48.621Z", "name": ";ljsdhg;jlh", "surname": "jgkjgkjfgk", "patronymic": null, "email": "3423421342423@sdf.ssd", "phone_number": null, "avatar": "", "date_of_birth": null, "about": null, "role": "Other", "is_active": true, "is_staff": false, "is_admin": false}}, {"model": "journal.customuser", "pk": 26, "fields": {"password": "pbkdf2_sha256$320000$kHHKp8L604kFOcertge2TH$KS04V8JuXxdiwtcGH5d+CqlpGCbP9RIHyXQ9pvoKaBE=", "last_login": "2022-03-27T11:15:22.701Z", "name": "sfdff", "surname": "hlkjljhj", "patronymic": null, "email": "23432@sdf.sdf", "phone_number": null, "avatar": "", "date_of_birth": null, "about": null, "role": "Other", "is_active": true, "is_staff": false, "is_admin": false}}, {"model": "journal.customuser", "pk": 27, "fields": {"password": "pbkdf2_sha256$320000$ULrFoyGFtTC5VmAu5RvH7O$oX888kSthj7J9DZnxtPQ2bt+BEHHbkeDTksNT3rPoXE=", "last_login": "2022-03-27T12:04:10.560Z", "name": "hgg", "surname": "hjgkhgh", "patronymic": null, "email": "123123444@DD.dd", "phone_number": null, "avatar": "", "date_of_birth": null, "about": null, "role": "Other", "is_active": true, "is_staff": false, "is_admin": false}}, {"model": "journal.customuser", "pk": 28, "fields": {"password": "pbkdf2_sha256$320000$QEDSFQKkncmvJSka0BfKqE$Cs/jWbg8k+7H0zGBut/L+E5ZqeF8x9o1xMsUaFP8vO4=", "last_login": null, "name": ";hljhjlkhlkjh", "surname": "lukyoiuyoiu", "patronymic": null, "email": "sdfdf@sdddd.dd", "phone_number": null, "avatar": "", "date_of_birth": null, "about": null, "role": "Other", "is_active": true, "is_staff": false, "is_admin": false}}, {"model": "journal.customuser", "pk": 29, "fields": {"password": "pbkdf2_sha256$320000$11SxNJAZUSrWeiMHZQRifZ$bblmAyOORUyQ/ekX+blMry0eY/Q8GnHJvs+sgUPpPRo=", "last_login": "2022-03-27T12:07:32.415Z", "name": "olyuuyoiuy", "surname": "iouyoiuyoit", "patronymic": null, "email": "lshdlfkjhsd@ddd.da", "phone_number": null, "avatar": "", "date_of_birth": null, "about": null, "role": "Other", "is_active": true, "is_staff": false, "is_admin": false}}, {"model": "journal.customuser", "pk": 30, "fields": {"password": "pbkdf2_sha256$320000$JjyKEVXsieQdT8S7yPlovs$da6nfR2fvpIGZHEH+zyBmVYY4uiPhnebhONkwbyyvgE=", "last_login": "2022-03-27T12:37:51.450Z", "name": "ui", "surname": "ui", "patronymic": null, "email": "123@gail.com", "phone_number": null, "avatar": "", "date_of_birth": null, "about": null, "role": "Student", "is_active": true, "is_staff": false, "is_admin": false}}, {"model": "journal.customuser", "pk": 31, "fields": {"password": "pbkdf2_sha256$320000$D16027nczVBbN1v6w6oLYq$WJ/fdTicNXp1u3XQ/FvqzLQgjSmov6PHFrs7bdJtAKM=", "last_login": "2022-03-27T12:42:54.178Z", "name": "uh", "surname": "uy", "patronymic": null, "email": "11111@jj.com", "phone_number": null, "avatar": "", "date_of_birth": null, "about": null, "role": "Student", "is_active": true, "is_staff": false, "is_admin": false}}, {"model": "journal.customuser", "pk": 32, "fields": {"password": "pbkdf2_sha256$320000$P3nCXmhX0GARLFq235QxEX$+vAfZwisuxCnkOYean2hbyIhtGzid60798Z8uL8Hqow=", "last_login": "2022-03-27T12:43:47.924Z", "name": "oo", "surname": "oo", "patronymic": null, "email": "11112@sdf.com", "phone_number": null, "avatar": "", "date_of_birth": null, "about": null, "role": "Teacher", "is_active": true, "is_staff": false, "is_admin": false}}, {"model": "journal.customuser", "pk": 33, "fields": {"password": "pbkdf2_sha256$320000$qLVnOgRBj58hJto4Z1Zf12$FOdyyQ0+kI4At3r+TWY+G/BH5GBHwOlJ9lZpf9xyZnY=", "last_login": "2022-03-28T06:30:12.408Z", "name": "oup", "surname": "oip", "patronymic": null, "email": "ff@gg.com", "phone_number": null, "avatar": "", "date_of_birth": null, "about": null, "role": "Student", "is_active": true, "is_staff": false, "is_admin": false}}, {"model": "journal.customuser", "pk": 34, "fields": {"password": "pbkdf2_sha256$320000$R7rTdcBsyrslS6B9C4SrDt$R554/5btr01qWPWdqBR6wrcIZ8WF3XjAQWhAMLQZfTQ=", "last_login": "2022-03-29T08:23:32.940Z", "name": "teacher", "surname": "teacher", "patronymic": null, "email": "admin@teacher.com", "phone_number": null, "avatar": "", "date_of_birth": null, "about": null, "role": "Teacher", "is_active": true, "is_staff": false, "is_admin": false}}, {"model": "journal.customuser", "pk": 35, "fields": {"password": "pbkdf2_sha256$320000$ApIHO2jcp2rwMpBSEWUeLn$/84sP6VUjTQoQcDac7+Q6STwGGXOJppoYVRC6G3GMU4=", "last_login": "2022-05-09T15:42:03.851Z", "name": "main", "surname": "teacher", "patronymic": "teppei", "email": "teacher@teacher.com", "phone_number": "09778239", "avatar": "user/avatar/1378053079_187735363.png", "date_of_birth": "1090-12-11", "about": "I love math!!!", "role": "Teacher", "is_active": true, "is_staff": false, "is_admin": false}}, {"model": "journal.customuser", "pk": 36, "fields": {"password": "pbkdf2_sha256$320000$weLbnwv2XchtGge0GICTDh$pPdnUyNxfzZI0w6po+45g7mpyKnjVkUSdb0vYq+X7SA=", "last_login": "2022-04-24T11:25:39.586Z", "name": "student", "surname": "first", "patronymic": "firstovich", "email": "student@student.com", "phone_number": "097175382", "avatar": "user/avatar/670950.jpg", "date_of_birth": "2003-10-24", "about": "I don't like a math", "role": "Student", "is_active": true, "is_staff": false, "is_admin": false}}, {"model": "journal.customuser", "pk": 37, "fields": {"password": "pbkdf2_sha256$320000$dFG4b4yHq3FF5uwxjZDZhd$oG9FbQUzrGhc2NCJ9kKG1CIyy0/PMhwZ60RUcsA+L0w=", "last_login": "2022-05-09T07:11:38.735Z", "name": "Джеремі", "surname": "Маккол", "patronymic": "Обіванович", "email": "student@student2.com", "phone_number": "0971547872", "avatar": "user/avatar/6903cff54287a74e82e419db8c22bd98c42e78ba.jpg", "date_of_birth": "2000-02-24", "about": "Я трохи того красавчик", "role": "Student", "is_active": true, "is_staff": false, "is_admin": false}}, {"model": "journal.customuser", "pk": 38, "fields": {"password": "pbkdf2_sha256$320000$A12Y9Z9ENquAOhw8E9wTQ6$naoZTjRhSVdp+gyu+j6yEYxl9mk0sNIYfw/V7wuVDyk=", "last_login": "2022-04-24T10:25:02.563Z", "name": "teppei", "surname": "teppei", "patronymic": null, "email": "teacher@teacher1.com", "phone_number": null, "avatar": "", "date_of_birth": null, "about": null, "role": "Teacher", "is_active": true, "is_staff": false, "is_admin": false}}, {"model": "journal.customuser", "pk": 39, "fields": {"password": "pbkdf2_sha256$320000$lcA2RkFYN9iMPFCIPUjGTU$GYjTw/uKBpdN5wiQ5wtyFsaMCEUreZQXVuhxPc3ex1E=", "last_login": "2022-05-08T17:32:09.379Z", "name": "Від Ьога", "surname": "Викладач", "patronymic": "Але не твій", "email": "teacher@teacher2.com", "phone_number": "", "avatar": "user/avatar/677958.png", "date_of_birth": "2010-05-08", "about": "Завдання є, учнів нема...", "role": "Teacher", "is_active": true, "is_staff": false, "is_admin": false}}, {"model": "journal.customuser", "pk": 40, "fields": {"password": "pbkdf2_sha256$320000$HQrryVWz7TgrG1cu1UpfDV$JZnLzw4dnOVBXNGgDjvC758M6Up6MUDamcVX97AWZEo=", "last_login": "2022-04-02T09:09:50.195Z", "name": "1", "surname": "1", "patronymic": null, "email": "1@111.com", "phone_number": null, "avatar": "", "date_of_birth": null, "about": null, "role": "Student", "is_active": true, "is_staff": false, "is_admin": false}}, {"model": "journal.customuser", "pk": 41, "fields": {"password": "pbkdf2_sha256$320000$uOd5UmTkZbvesIjFie41i4$I/heND+fTpS6+Xet7DbhtEprkqeI70aUC1uZO5CphZo=", "last_login": "2022-04-02T09:10:02.058Z", "name": "2", "surname": "2", "patronymic": null, "email": "2@2.com", "phone_number": null, "avatar": "", "date_of_birth": null, "about": null, "role": "Student", "is_active": true, "is_staff": false, "is_admin": false}}, {"model": "journal.customuser", "pk": 42, "fields": {"password": "pbkdf2_sha256$320000$y9aaTJAZl39jsTAsTyx2MI$7myVFcfUckYcgOdHwSwUxSljPe+VSnzct8mW5LjMCMc=", "last_login": "2022-04-02T09:10:16.930Z", "name": "3", "surname": "3", "patronymic": null, "email": "3@3.com", "phone_number": null, "avatar": "", "date_of_birth": null, "about": null, "role": "Student", "is_active": true, "is_staff": false, "is_admin": false}}, {"model": "journal.customuser", "pk": 43, "fields": {"password": "pbkdf2_sha256$320000$WcLaJOpKVKUNOaq2VZku9h$ZC1rrTMgUnBHXmsIuOZJ2M7UoMM0ZoPO0GJBOi7Q020=", "last_login": "2022-04-19T08:23:36.310Z", "name": "Igor", "surname": "Igorovich", "patronymic": null, "email": "grisha@grish.net", "phone_number": null, "avatar": "", "date_of_birth": null, "about": null, "role": "Student", "is_active": true, "is_staff": false, "is_admin": false}}, {"model": "journal.customuser", "pk": 44, "fields": {"password": "pbkdf2_sha256$320000$C4ygXeFzPrHUFdVooYS0Os$3UYXKiIUbgP594l2qod7799Ka61YtdX8vLqQ6lFBsbo=", "last_login": "2022-04-19T08:24:33.916Z", "name": "Flup", "surname": "Fjovani", "patronymic": null, "email": "horishla@gmail.com", "phone_number": null, "avatar": "", "date_of_birth": null, "about": null, "role": "Student", "is_active": true, "is_staff": false, "is_admin": false}}, {"model": "journal.customuser", "pk": 45, "fields": {"password": "pbkdf2_sha256$320000$zWJMVXw6Qld7hFrKiB2yJY$sMcNxutVI0BZ65k8cjjEgrsVg3Pxa3p/YFUrYrKHsr0=", "last_login": "2022-04-24T10:27:09.203Z", "name": "baklusha", "surname": "teacher", "patronymic": null, "email": "teacher@teacher3.com", "phone_number": null, "avatar": "", "date_of_birth": null, "about": null, "role": "Teacher", "is_active": true, "is_staff": false, "is_admin": false}}, {"model": "journal.teacher", "pk": 1, "fields": {"user": 1, "specializations": null}}, {"model": "journal.teacher", "pk": 2, "fields": {"user": 2, "specializations": null}}, {"model": "journal.teacher", "pk": 3, "fields": {"user": 3, "specializations": null}}, {"model": "journal.teacher", "pk": 4, "fields": {"user": 4, "specializations": null}}, {"model": "journal.teacher", "pk": 5, "fields": {"user": 5, "specializations": null}}, {"model": "journal.teacher", "pk": 6, "fields": {"user": 7, "specializations": null}}, {"model": "journal.teacher", "pk": 7, "fields": {"user": 8, "specializations": null}}, {"model": "journal.teacher", "pk": 8, "fields": {"user": 9, "specializations": null}}, {"model": "journal.teacher", "pk": 9, "fields": {"user": 11, "specializations": null}}, {"model": "journal.teacher", "pk": 10, "fields": {"user": 14, "specializations": null}}, {"model": "journal.teacher", "pk": 11, "fields": {"user": 25, "specializations": null}}, {"model": "journal.teacher", "pk": 12, "fields": {"user": 32, "specializations": null}}, {"model": "journal.teacher", "pk": 13, "fields": {"user": 34, "specializations": null}}, {"model": "journal.teacher", "pk": 14, "fields": {"user": 35, "specializations": null}}, {"model": "journal.teacher", "pk": 15, "fields": {"user": 39, "specializations": null}}, {"model": "journal.teacher", "pk": 16, "fields": {"user": 45, "specializations": null}}, {"model": "journal.group", "pk": 1, "fields": {"name": "1-KT-19", "slug": "1-kt-19", "teacher": 3}}, {"model": "journal.group", "pk": 2, "fields": {"name": "1-MP-9", "slug": "1-mp-9", "teacher": 14}}, {"model": "journal.group", "pk": 3, "fields": {"name": "1-AK-47", "slug": "1-ak-47", "teacher": 15}}, {"model": "journal.student", "pk": 1, "fields": {"user": 10, "group": 1}}, {"model": "journal.student", "pk": 2, "fields": {"user": 29, "group": 1}}, {"model": "journal.student", "pk": 3, "fields": {"user": 30, "group": 1}}, {"model": "journal.student", "pk": 4, "fields": {"user": 31, "group": 1}}, {"model": "journal.student", "pk": 5, "fields": {"user": 33, "group": 1}}, {"model": "journal.student", "pk": 6, "fields": {"user": 36, "group": 1}}, {"model": "journal.student", "pk": 7, "fields": {"user": 37, "group": 2}}, {"model": "journal.student", "pk": 8, "fields": {"user": 7, "group": 2}}, {"model": "journal.student", "pk": 9, "fields": {"user": 40, "group": 2}}, {"model": "journal.student", "pk": 10, "fields": {"user": 41, "group": 2}}, {"model": "journal.student", "pk": 11, "fields": {"user": 42, "group": 2}}, {"model": "journal.student", "pk": 12, "fields": {"user": 43, "group": 3}}, {"model": "journal.student", "pk": 13, "fields": {"user": 44, "group": 3}}, {"model": "journal.attendance", "pk": 1, "fields": {"full_name": "не було", "short_name": "н"}}, {"model": "journal.attendance", "pk": 2, "fields": {"full_name": "був", "short_name": "_"}}, {"model": "journal.evaluationsystem", "pk": 1, "fields": {"name": "П'ятибальна", "numerical_form": 5}}, {"model": "journal.evaluationsystem", "pk": 2, "fields": {"name": "дванадцятибальна", "numerical_form": 12}}, {"model": "journal.subject", "pk": 1, "fields": {"name": "Mathematic", "slug": "mathematic", "short_name": "Math", "evaluation_system": 1}}, {"model": "journal.subject", "pk": 2, "fields": {"name": "Інформатика", "slug": "informatika", "short_name": "інформатика", "evaluation_system": 2}}, {"model": "journal.subject", "pk": 3, "fields": {"name": "Ecology", "slug": "ecology", "short_name": "ecology", "evaluation_system": 1}}, {"model": "journal.groupsubject", "pk": 1, "fields": {"group": 2, "subject": 1, "amount_of_hours": 90}}, {"model": "journal.groupsubject", "pk": 2, "fields": {"group": 3, "subject": 3, "amount_of_hours": 32}}, {"model": "journal.groupsubject", "pk": 4, "fields": {"group": 1, "subject": 2, "amount_of_hours": 17}}, {"model": "journal.groupsubject", "pk": 5, "fields": {"group": 2, "subject": 2, "amount_of_hours": 12}}, {"model": "journal.groupsubject", "pk": 6, "fields": {"group": 2, "subject": 3, "amount_of_hours": 8}}, {"model": "journal.teachersubject", "pk": 1, "fields": {"teacher": 14, "group_subject": 1, "semester": 1, "academic_year": "2022", "students": "[\"9\", \"7\", \"11\"]"}}, {"model": "journal.teachersubject", "pk": 2, "fields": {"teacher": 15, "group_subject": 2, "semester": 6, "academic_year": "2022", "students": "[\"13\"]"}}, {"model": "journal.teachersubject", "pk": 3, "fields": {"teacher": 15, "group_subject": 1, "semester": 3, "academic_year": "90", "students": "[\"10\"]"}}, {"model": "journal.teachersubject", "pk": 4, "fields": {"teacher": 13, "group_subject": 1, "semester": 5, "academic_year": "55", "students": null}}, {"model": "journal.teachersubject", "pk": 5, "fields": {"teacher": 16, "group_subject": 1, "semester": 3, "academic_year": "234", "students": null}}, {"model": "journal.teachersubject", "pk": 6, "fields": {"teacher": 14, "group_subject": 4, "semester": 3, "academic_year": "888", "students": "[\"6\", \"5\", \"4\", \"3\", \"2\", \"1\"]"}}, {"model": "journal.teachersubject", "pk": 7, "fields": {"teacher": 14, "group_subject": 5, "semester": 3, "academic_year": "777", "students": "[\"7\", \"8\", \"10\", \"9\"]"}}, {"model": "journal.teachersubject", "pk": 8, "fields": {"teacher": 15, "group_subject": 6, "semester": 4, "academic_year": "555", "students": "[\"11\", \"9\", \"7\"]"}}, {"model": "journal.lessontype", "pk": 1, "fields": {"name": "пара", "slug": "para"}}, {"model": "journal.lessontype", "pk": 3, "fields": {"name": "лекція", "slug": "lekciya"}}, {"model": "journal.lessontype", "pk": 4, "fields": {"name": "контрольна", "slug": "kontrolna"}}, {"model": "journal.lesson", "pk": 1, "fields": {"date": "2022-03-29", "last_update": "2022-04-02T00:00:00Z", "topic": "Вирощування \"квітів\"", "homework": "В підвалі відокремити куток для практичних навичок", "note": "Підвал має бути без освітлення", "type": 1, "teacher_subject": 1}}, {"model": "journal.lesson", "pk": 3, "fields": {"date": "2022-04-02", "last_update": "2022-04-02T15:12:38.743Z", "topic": "asda", "homework": "asd", "note": "asdasd", "type": 1, "teacher_subject": 1}}, {"model": "journal.lesson", "pk": 7, "fields": {"date": "2022-04-04", "last_update": "2022-04-04T10:18:30.454Z", "topic": "home", "homework": "god", "note": "hrsm", "type": 1, "teacher_subject": 1}}, {"model": "journal.lesson", "pk": 10, "fields": {"date": "2022-04-10", "last_update": "2022-04-10T10:59:05.397Z", "topic": "Вирощування папороті", "homework": "Виростити папороть", "note": "Зняти на відео процес (інакше 2)", "type": 4, "teacher_subject": 1}}, {"model": "journal.lesson", "pk": 14, "fields": {"date": "2022-04-18", "last_update": "2022-05-09T15:00:30.215Z", "topic": "Temafgg", "homework": "dfsdgdfgddf", "note": "temddddddd", "type": 3, "teacher_subject": 1}}, {"model": "journal.lesson", "pk": 16, "fields": {"date": "2022-04-19", "last_update": "2022-04-19T08:45:50.007Z", "topic": "Huvk", "homework": "Huvkddd", "note": "Hvuk", "type": 4, "teacher_subject": 2}}, {"model": "journal.lesson", "pk": 18, "fields": {"date": "2022-04-24", "last_update": "2022-05-09T15:03:32.510Z", "topic": "eXbcnj pfcsjf", "homework": "lllllff", "note": "kkk", "type": 1, "teacher_subject": 1}}, {"model": "journal.lesson", "pk": 19, "fields": {"date": "2022-04-28", "last_update": "2022-05-08T12:20:57.342Z", "topic": "Ehjrgf", "homework": "Cjplfy", "note": "Ecgtiyj", "type": 4, "teacher_subject": 1}}, {"model": "journal.lesson", "pk": 20, "fields": {"date": "2022-04-25", "last_update": "2022-04-25T09:19:01.090Z", "topic": "Ctqxfc", "homework": "Gjrf;e", "note": "Rfr", "type": 4, "teacher_subject": 7}}, {"model": "journal.lesson", "pk": 22, "fields": {"date": "2022-04-28", "last_update": "2022-04-28T16:46:30.325Z", "topic": "ddd", "homework": "ddd", "note": "temddddd", "type": 1, "teacher_subject": 8}}, {"model": "journal.lesson", "pk": 23, "fields": {"date": "2022-05-07", "last_update": "2022-05-07T12:06:23.251Z", "topic": "Я вернулся", "homework": "-", "note": "-", "type": 3, "teacher_subject": 1}}, {"model": "journal.lesson", "pk": 24, "fields": {"date": "2022-05-07", "last_update": "2022-05-07T12:49:57.533Z", "topic": "Кодування", "homework": "хуєву тучу з", "note": "ВСІ ЗДАЙТЕ ДО 30,02,2022", "type": 1, "teacher_subject": 7}}, {"model": "journal.lesson", "pk": 25, "fields": {"date": "2022-05-09", "last_update": "2022-05-09T07:38:43.620Z", "topic": "asdf", "homework": "sdfsdf", "note": "sdf", "type": 4, "teacher_subject": 2}}, {"model": "journal.studentlesson", "pk": 6, "fields": {"lesson": 1, "student": 7, "mark": "5", "date": "2022-04-07"}}, {"model": "journal.studentlesson", "pk": 8, "fields": {"lesson": 3, "student": 7, "mark": "4", "date": "2022-04-07"}}, {"model": "journal.studentlesson", "pk": 9, "fields": {"lesson": 7, "student": 7, "mark": "1", "date": "2022-04-07"}}, {"model": "journal.studentlesson", "pk": 10, "fields": {"lesson": 1, "student": 11, "mark": "1", "date": "2022-04-07"}}, {"model": "journal.studentlesson", "pk": 11, "fields": {"lesson": 3, "student": 9, "mark": "2", "date": "2022-04-07"}}, {"model": "journal.studentlesson", "pk": 12, "fields": {"lesson": 1, "student": 9, "mark": "н", "date": "2022-04-07"}}, {"model": "journal.studentlesson", "pk": 15, "fields": {"lesson": 7, "student": 11, "mark": "2", "date": "2022-04-07"}}, {"model": "journal.studentlesson", "pk": 16, "fields": {"lesson": 3, "student": 11, "mark": "н", "date": "2022-04-07"}}, {"model": "journal.studentlesson", "pk": 17, "fields": {"lesson": 7, "student": 9, "mark": "н", "date": "2022-04-07"}}, {"model": "journal.studentlesson", "pk": 19, "fields": {"lesson": 3, "student": 10, "mark": "4", "date": "2022-04-10"}}, {"model": "journal.studentlesson", "pk": 20, "fields": {"lesson": 10, "student": 7, "mark": "5", "date": "2022-04-10"}}, {"model": "journal.studentlesson", "pk": 25, "fields": {"lesson": 10, "student": 9, "mark": "2", "date": "2022-04-10"}}, {"model": "journal.studentlesson", "pk": 26, "fields": {"lesson": 10, "student": 10, "mark": "4", "date": "2022-04-10"}}, {"model": "journal.studentlesson", "pk": 27, "fields": {"lesson": 10, "student": 11, "mark": "5", "date": "2022-04-10"}}, {"model": "journal.studentlesson", "pk": 28, "fields": {"lesson": 16, "student": 13, "mark": "2", "date": "2022-04-19"}}, {"model": "journal.studentlesson", "pk": 29, "fields": {"lesson": 18, "student": 7, "mark": "5", "date": "2022-04-25"}}, {"model": "journal.studentlesson", "pk": 30, "fields": {"lesson": 20, "student": 7, "mark": "4", "date": "2022-04-25"}}, {"model": "journal.studentlesson", "pk": 31, "fields": {"lesson": 20, "student": 8, "mark": "89", "date": "2022-05-07"}}, {"model": "journal.studentlesson", "pk": 32, "fields": {"lesson": 24, "student": 8, "mark": "589", "date": "2022-05-07"}}, {"model": "journal.studentlesson", "pk": 33, "fields": {"lesson": 24, "student": 7, "mark": "9", "date": "2022-05-07"}}, {"model": "journal.studentlesson", "pk": 34, "fields": {"lesson": 19, "student": 11, "mark": "3", "date": "2022-05-07"}}, {"model": "journal.studentlesson", "pk": 35, "fields": {"lesson": 23, "student": 9, "mark": "5", "date": "2022-05-07"}}, {"model": "journal.studentlesson", "pk": 36, "fields": {"lesson": 14, "student": 9, "mark": "3", "date": "2022-05-07"}}, {"model": "journal.studentlesson", "pk": 37, "fields": {"lesson": 18, "student": 9, "mark": "4", "date": "2022-05-07"}}, {"model": "journal.studentlesson", "pk": 38, "fields": {"lesson": 18, "student": 11, "mark": "5", "date": "2022-05-07"}}, {"model": "journal.studentlesson", "pk": 39, "fields": {"lesson": 19, "student": 7, "mark": "н", "date": "2022-05-07"}}, {"model": "journal.studentlesson", "pk": 40, "fields": {"lesson": 14, "student": 7, "mark": "2", "date": "2022-05-07"}}, {"model": "journal.studentlesson", "pk": 41, "fields": {"lesson": 14, "student": 11, "mark": "1", "date": "2022-05-07"}}, {"model": "journal.studentlesson", "pk": 42, "fields": {"lesson": 19, "student": 9, "mark": "4", "date": "2022-05-08"}}, {"model": "journal.studentlesson", "pk": 43, "fields": {"lesson": 23, "student": 7, "mark": "3", "date": "2022-05-08"}}, {"model": "journal.studentlesson", "pk": 44, "fields": {"lesson": 23, "student": 11, "mark": "1", "date": "2022-05-08"}}, {"model": "journal.message", "pk": 14, "fields": {"from_user": 37, "to_user": 39, "time": "2022-05-09T07:37:27.248Z", "text": "sdfd", "is_check": true}}, {"model": "admin.logentry", "pk": 1, "fields": {"action_time": "2022-03-25T15:02:24.456Z", "user": 15, "content_type": 1, "object_id": "16", "object_repr": "wer wer", "action_flag": 1, "change_message": "[{\"added\": {}}]"}}, {"model": "admin.logentry", "pk": 2, "fields": {"action_time": "2022-03-27T09:37:30.813Z", "user": 15, "content_type": 1, "object_id": "3", "object_repr": "123 123", "action_flag": 2, "change_message": "[{\"changed\": {\"fields\": [\"Is active\"]}}]"}}, {"model": "admin.logentry", "pk": 3, "fields": {"action_time": "2022-03-27T09:38:46.301Z", "user": 15, "content_type": 1, "object_id": "14", "object_repr": "12 12", "action_flag": 2, "change_message": "[{\"changed\": {\"fields\": [\"Is active\"]}}]"}}, {"model": "admin.logentry", "pk": 4, "fields": {"action_time": "2022-03-27T09:39:23.363Z", "user": 15, "content_type": 1, "object_id": "14", "object_repr": "12 12", "action_flag": 2, "change_message": "[{\"changed\": {\"fields\": [\"Is active\"]}}]"}}, {"model": "admin.logentry", "pk": 5, "fields": {"action_time": "2022-03-27T09:40:26.972Z", "user": 15, "content_type": 1, "object_id": "21", "object_repr": "123 123", "action_flag": 2, "change_message": "[{\"changed\": {\"fields\": [\"Is active\"]}}]"}}, {"model": "admin.logentry", "pk": 6, "fields": {"action_time": "2022-03-27T09:40:57.080Z", "user": 15, "content_type": 1, "object_id": "21", "object_repr": "123 123", "action_flag": 2, "change_message": "[{\"changed\": {\"fields\": [\"Is active\"]}}]"}}, {"model": "admin.logentry", "pk": 7, "fields": {"action_time": "2022-03-27T09:45:57.332Z", "user": 15, "content_type": 1, "object_id": "21", "object_repr": "123 123", "action_flag": 2, "change_message": "[{\"changed\": {\"fields\": [\"Is active\"]}}]"}}, {"model": "admin.logentry", "pk": 8, "fields": {"action_time": "2022-03-27T12:46:35.191Z", "user": 15, "content_type": 1, "object_id": "15", "object_repr": "admin admin", "action_flag": 2, "change_message": "[{\"changed\": {\"fields\": [\"Role\"]}}]"}}, {"model": "admin.logentry", "pk": 9, "fields": {"action_time": "2022-03-28T11:05:09.684Z", "user": 15, "content_type": 1, "object_id": "15", "object_repr": "admin admin", "action_flag": 2, "change_message": "[{\"changed\": {\"fields\": [\"Avatar\"]}}]"}}, {"model": "admin.logentry", "pk": 10, "fields": {"action_time": "2022-03-28T11:15:26.401Z", "user": 15, "content_type": 1, "object_id": "15", "object_repr": "admin admin", "action_flag": 2, "change_message": "[{\"changed\": {\"fields\": [\"Avatar\"]}}]"}}, {"model": "admin.logentry", "pk": 11, "fields": {"action_time": "2022-03-28T12:18:03.518Z", "user": 15, "content_type": 1, "object_id": "15", "object_repr": "admin admin", "action_flag": 2, "change_message": "[{\"changed\": {\"fields\": [\"Avatar\"]}}]"}}, {"model": "admin.logentry", "pk": 12, "fields": {"action_time": "2022-03-28T12:53:04.859Z", "user": 15, "content_type": 1, "object_id": "15", "object_repr": "admin admin", "action_flag": 2, "change_message": "[{\"changed\": {\"fields\": [\"Avatar\"]}}]"}}, {"model": "admin.logentry", "pk": 13, "fields": {"action_time": "2022-03-28T17:04:07.126Z", "user": 15, "content_type": 1, "object_id": "15", "object_repr": "admin admin", "action_flag": 2, "change_message": "[{\"changed\": {\"fields\": [\"Avatar\"]}}]"}}, {"model": "admin.logentry", "pk": 14, "fields": {"action_time": "2022-03-29T11:22:07.689Z", "user": 15, "content_type": 1, "object_id": "35", "object_repr": "teacher main", "action_flag": 2, "change_message": "[{\"changed\": {\"fields\": [\"Name\", \"Date of birth\"]}}]"}}, {"model": "admin.logentry", "pk": 15, "fields": {"action_time": "2022-03-29T11:22:52.490Z", "user": 15, "content_type": 9, "object_id": "2", "object_repr": "1-MP-9", "action_flag": 1, "change_message": "[{\"added\": {}}]"}}, {"model": "admin.logentry", "pk": 16, "fields": {"action_time": "2022-03-29T11:27:02.496Z", "user": 15, "content_type": 13, "object_id": "1", "object_repr": "П'ятибальна", "action_flag": 1, "change_message": "[{\"added\": {}}]"}}, {"model": "admin.logentry", "pk": 17, "fields": {"action_time": "2022-03-29T11:27:08.234Z", "user": 15, "content_type": 16, "object_id": "1", "object_repr": "Mathematic", "action_flag": 1, "change_message": "[{\"added\": {}}]"}}, {"model": "admin.logentry", "pk": 18, "fields": {"action_time": "2022-03-29T11:27:29.880Z", "user": 15, "content_type": 14, "object_id": "1", "object_repr": "Mathematic в групі 1-MP-9", "action_flag": 1, "change_message": "[{\"added\": {}}]"}}, {"model": "admin.logentry", "pk": 19, "fields": {"action_time": "2022-03-29T11:29:44.715Z", "user": 15, "content_type": 18, "object_id": "1", "object_repr": "пара", "action_flag": 1, "change_message": "[{\"added\": {}}]"}}, {"model": "admin.logentry", "pk": 20, "fields": {"action_time": "2022-03-29T11:30:11.695Z", "user": 15, "content_type": 12, "object_id": "1", "object_repr": "teacher main - Mathematic в групі 1-MP-9", "action_flag": 1, "change_message": "[{\"added\": {}}]"}}, {"model": "admin.logentry", "pk": 21, "fields": {"action_time": "2022-03-29T11:31:55.820Z", "user": 15, "content_type": 10, "object_id": "1", "object_repr": "Вирощування \"квітів\"", "action_flag": 1, "change_message": "[{\"added\": {}}]"}}, {"model": "admin.logentry", "pk": 22, "fields": {"action_time": "2022-03-29T11:33:25.484Z", "user": 15, "content_type": 11, "object_id": "1", "object_repr": "не було", "action_flag": 1, "change_message": "[{\"added\": {}}]"}}, {"model": "admin.logentry", "pk": 23, "fields": {"action_time": "2022-03-29T11:33:44.876Z", "user": 15, "content_type": 11, "object_id": "2", "object_repr": "був", "action_flag": 1, "change_message": "[{\"added\": {}}]"}}, {"model": "admin.logentry", "pk": 24, "fields": {"action_time": "2022-03-29T11:35:04.039Z", "user": 15, "content_type": 15, "object_id": "1", "object_repr": "first student", "action_flag": 1, "change_message": "[{\"added\": {}}]"}}, {"model": "admin.logentry", "pk": 25, "fields": {"action_time": "2022-03-30T07:35:01.673Z", "user": 15, "content_type": 9, "object_id": "2", "object_repr": "1-MP-9", "action_flag": 2, "change_message": "[{\"changed\": {\"fields\": [\"URL\"]}}]"}}, {"model": "admin.logentry", "pk": 26, "fields": {"action_time": "2022-03-30T07:35:15.036Z", "user": 15, "content_type": 9, "object_id": "1", "object_repr": "1-KT-19", "action_flag": 2, "change_message": "[{\"changed\": {\"fields\": [\"URL\"]}}]"}}, {"model": "admin.logentry", "pk": 27, "fields": {"action_time": "2022-03-30T14:42:39.863Z", "user": 15, "content_type": 16, "object_id": "1", "object_repr": "Mathematic", "action_flag": 2, "change_message": "[]"}}, {"model": "admin.logentry", "pk": 28, "fields": {"action_time": "2022-03-30T14:44:36.220Z", "user": 15, "content_type": 13, "object_id": "2", "object_repr": "дванадцятибальна", "action_flag": 1, "change_message": "[{\"added\": {}}]"}}, {"model": "admin.logentry", "pk": 29, "fields": {"action_time": "2022-03-30T14:44:39.960Z", "user": 15, "content_type": 16, "object_id": "2", "object_repr": "Інформатика", "action_flag": 1, "change_message": "[{\"added\": {}}]"}}, {"model": "admin.logentry", "pk": 30, "fields": {"action_time": "2022-03-30T14:45:13.375Z", "user": 15, "content_type": 9, "object_id": "3", "object_repr": "1-AK-47", "action_flag": 1, "change_message": "[{\"added\": {}}]"}}, {"model": "admin.logentry", "pk": 31, "fields": {"action_time": "2022-03-30T14:58:55.883Z", "user": 15, "content_type": 16, "object_id": "1", "object_repr": "Mathematic", "action_flag": 2, "change_message": "[]"}}, {"model": "admin.logentry", "pk": 32, "fields": {"action_time": "2022-04-01T06:46:22.775Z", "user": 15, "content_type": 10, "object_id": "1", "object_repr": "Вирощування \"квітів\"", "action_flag": 2, "change_message": "[]"}}, {"model": "admin.logentry", "pk": 33, "fields": {"action_time": "2022-04-01T06:47:23.181Z", "user": 15, "content_type": 10, "object_id": "2", "object_repr": "Інтеграли", "action_flag": 1, "change_message": "[{\"added\": {}}]"}}, {"model": "admin.logentry", "pk": 34, "fields": {"action_time": "2022-04-01T07:03:11.552Z", "user": 15, "content_type": 8, "object_id": "8", "object_repr": "usd usd", "action_flag": 1, "change_message": "[{\"added\": {}}]"}}, {"model": "admin.logentry", "pk": 35, "fields": {"action_time": "2022-04-04T07:16:11.452Z", "user": 15, "content_type": 10, "object_id": "5", "object_repr": "11", "action_flag": 3, "change_message": ""}}, {"model": "admin.logentry", "pk": 36, "fields": {"action_time": "2022-04-04T07:16:24.525Z", "user": 15, "content_type": 10, "object_id": "6", "object_repr": "111", "action_flag": 3, "change_message": ""}}, {"model": "admin.logentry", "pk": 37, "fields": {"action_time": "2022-04-04T07:16:39.296Z", "user": 15, "content_type": 10, "object_id": "4", "object_repr": "11", "action_flag": 3, "change_message": ""}}, {"model": "admin.logentry", "pk": 38, "fields": {"action_time": "2022-04-05T16:00:49.627Z", "user": 15, "content_type": 19, "object_id": "4", "object_repr": "second student", "action_flag": 3, "change_message": ""}}, {"model": "admin.logentry", "pk": 39, "fields": {"action_time": "2022-04-05T16:00:55.696Z", "user": 15, "content_type": 19, "object_id": "3", "object_repr": "second student", "action_flag": 3, "change_message": ""}}, {"model": "admin.logentry", "pk": 40, "fields": {"action_time": "2022-04-05T16:01:01.385Z", "user": 15, "content_type": 19, "object_id": "2", "object_repr": "3 3", "action_flag": 3, "change_message": ""}}, {"model": "admin.logentry", "pk": 41, "fields": {"action_time": "2022-04-05T16:01:07.168Z", "user": 15, "content_type": 19, "object_id": "1", "object_repr": "3 3", "action_flag": 3, "change_message": ""}}, {"model": "admin.logentry", "pk": 42, "fields": {"action_time": "2022-04-05T16:03:46.297Z", "user": 15, "content_type": 19, "object_id": "5", "object_repr": "second student", "action_flag": 3, "change_message": ""}}, {"model": "admin.logentry", "pk": 43, "fields": {"action_time": "2022-04-07T16:13:52.257Z", "user": 15, "content_type": 10, "object_id": "8", "object_repr": "Полв", "action_flag": 3, "change_message": ""}}, {"model": "admin.logentry", "pk": 44, "fields": {"action_time": "2022-04-07T16:33:35.939Z", "user": 15, "content_type": 10, "object_id": "10", "object_repr": "asdf", "action_flag": 3, "change_message": ""}}, {"model": "admin.logentry", "pk": 45, "fields": {"action_time": "2022-04-10T08:56:30.030Z", "user": 15, "content_type": 18, "object_id": "2", "object_repr": "sdf", "action_flag": 1, "change_message": "[{\"added\": {}}]"}}, {"model": "admin.logentry", "pk": 46, "fields": {"action_time": "2022-04-10T08:57:18.621Z", "user": 15, "content_type": 18, "object_id": "3", "object_repr": "лекція", "action_flag": 1, "change_message": "[{\"added\": {}}]"}}, {"model": "admin.logentry", "pk": 47, "fields": {"action_time": "2022-04-10T08:57:28.632Z", "user": 15, "content_type": 18, "object_id": "2", "object_repr": "sdf", "action_flag": 3, "change_message": ""}}, {"model": "admin.logentry", "pk": 48, "fields": {"action_time": "2022-04-10T09:15:27.210Z", "user": 15, "content_type": 18, "object_id": "4", "object_repr": "контрольна", "action_flag": 1, "change_message": "[{\"added\": {}}]"}}, {"model": "admin.logentry", "pk": 49, "fields": {"action_time": "2022-04-18T16:46:04.005Z", "user": 15, "content_type": 12, "object_id": "1", "object_repr": "teacher main - Mathematic 1-MP-9", "action_flag": 2, "change_message": "[]"}}, {"model": "admin.logentry", "pk": 50, "fields": {"action_time": "2022-04-19T08:14:29.113Z", "user": 15, "content_type": 16, "object_id": "3", "object_repr": "Ecology", "action_flag": 1, "change_message": "[{\"added\": {}}]"}}, {"model": "admin.logentry", "pk": 51, "fields": {"action_time": "2022-04-19T08:14:36.783Z", "user": 15, "content_type": 14, "object_id": "2", "object_repr": "Ecology 1-AK-47", "action_flag": 1, "change_message": "[{\"added\": {}}]"}}, {"model": "admin.logentry", "pk": 52, "fields": {"action_time": "2022-04-19T08:15:40.620Z", "user": 15, "content_type": 12, "object_id": "2", "object_repr": "teppei teppei - Ecology 1-AK-47", "action_flag": 1, "change_message": "[{\"added\": {}}]"}}, {"model": "admin.logentry", "pk": 53, "fields": {"action_time": "2022-04-24T09:07:10.831Z", "user": 15, "content_type": 20, "object_id": "1", "object_repr": "teacher main - Mathematic 1-MP-9", "action_flag": 1, "change_message": "[{\"added\": {}}]"}}, {"model": "admin.logentry", "pk": 54, "fields": {"action_time": "2022-04-24T09:16:18.749Z", "user": 15, "content_type": 20, "object_id": "2", "object_repr": "teppei teppei - Ecology 1-AK-47", "action_flag": 1, "change_message": "[{\"added\": {}}]"}}, {"model": "admin.logentry", "pk": 55, "fields": {"action_time": "2022-04-24T09:44:45.155Z", "user": 15, "content_type": 14, "object_id": "3", "object_repr": "Mathematic 1-MP-9", "action_flag": 1, "change_message": "[{\"added\": {}}]"}}, {"model": "admin.logentry", "pk": 56, "fields": {"action_time": "2022-04-24T09:45:37.919Z", "user": 15, "content_type": 14, "object_id": "3", "object_repr": "Mathematic 1-MP-9", "action_flag": 3, "change_message": ""}}, {"model": "admin.logentry", "pk": 57, "fields": {"action_time": "2022-04-24T09:46:17.954Z", "user": 15, "content_type": 12, "object_id": "3", "object_repr": "teppei teppei - Mathematic 1-MP-9", "action_flag": 1, "change_message": "[{\"added\": {}}]"}}, {"model": "admin.logentry", "pk": 58, "fields": {"action_time": "2022-04-24T10:24:21.870Z", "user": 15, "content_type": 20, "object_id": "2", "object_repr": "teppei teppei - Ecology 1-AK-47", "action_flag": 3, "change_message": ""}}, {"model": "admin.logentry", "pk": 59, "fields": {"action_time": "2022-04-24T10:24:28.054Z", "user": 15, "content_type": 20, "object_id": "1", "object_repr": "teacher main - Mathematic 1-MP-9", "action_flag": 3, "change_message": ""}}, {"model": "admin.logentry", "pk": 60, "fields": {"action_time": "2022-04-24T10:24:46.070Z", "user": 15, "content_type": 12, "object_id": "4", "object_repr": "teacher teacher - Mathematic 1-MP-9", "action_flag": 1, "change_message": "[{\"added\": {}}]"}}, {"model": "admin.logentry", "pk": 61, "fields": {"action_time": "2022-04-24T10:26:47.847Z", "user": 15, "content_type": 12, "object_id": "5", "object_repr": "teacher baklusha - Mathematic 1-MP-9", "action_flag": 1, "change_message": "[{\"added\": {}}]"}}, {"model": "admin.logentry", "pk": 62, "fields": {"action_time": "2022-04-25T09:16:39.429Z", "user": 15, "content_type": 14, "object_id": "4", "object_repr": "Інформатика 1-KT-19", "action_flag": 1, "change_message": "[{\"added\": {}}]"}}, {"model": "admin.logentry", "pk": 63, "fields": {"action_time": "2022-04-25T09:16:45.987Z", "user": 15, "content_type": 12, "object_id": "6", "object_repr": "teacher main - Інформатика 1-KT-19", "action_flag": 1, "change_message": "[{\"added\": {}}]"}}, {"model": "admin.logentry", "pk": 64, "fields": {"action_time": "2022-04-25T09:18:29.713Z", "user": 15, "content_type": 14, "object_id": "5", "object_repr": "Інформатика 1-MP-9", "action_flag": 1, "change_message": "[{\"added\": {}}]"}}, {"model": "admin.logentry", "pk": 65, "fields": {"action_time": "2022-04-25T09:18:35.298Z", "user": 15, "content_type": 12, "object_id": "7", "object_repr": "teacher main - Інформатика 1-MP-9", "action_flag": 1, "change_message": "[{\"added\": {}}]"}}, {"model": "admin.logentry", "pk": 66, "fields": {"action_time": "2022-04-28T16:45:44.341Z", "user": 15, "content_type": 14, "object_id": "6", "object_repr": "Ecology 1-MP-9", "action_flag": 1, "change_message": "[{\"added\": {}}]"}}, {"model": "admin.logentry", "pk": 67, "fields": {"action_time": "2022-04-28T16:45:50.176Z", "user": 15, "content_type": 12, "object_id": "8", "object_repr": "teppei teppei - Ecology 1-MP-9", "action_flag": 1, "change_message": "[{\"added\": {}}]"}}, {"model": "sessions.session", "pk": "290iizmk4q657eecsuew41zwf2ldj96o", "fields": {"session_data": "e30:1nYinm:6WWal_NIZd_BiPVEejE7so-lIgzwKm2-VBlLPu3DqiY", "expire_date": "2022-04-11T06:24:30.094Z"}}, {"model": "sessions.session", "pk": "2zn69x2murgr8u41v4uv9onx6pn9n7mf", "fields": {"session_data": ".eJxVjEsOwjAMBe-SNYqoQ5KaJfueobJjhxRQI_WzQtydVuoCtm9m3tv0tC6lX2ed-kHM1ThvTr8jU3rquBN50HivNtVxmQa2u2IPOtuuir5uh_t3UGguW90ItohKQjHHc04hec4BggJkaIHwghQbl5h5o6wRMYhL6qnNEAKYzxcqKzjh:1nnJj1:DTa0y4Ea3fOwoD6BaU7zw9YxPL3tebFf4FYRqSON-TI", "expire_date": "2022-05-21T12:39:55.399Z"}}, {"model": "sessions.session", "pk": "3t108630a3b4i1w0jh6q6ew9f6tujjck", "fields": {"session_data": ".eJxVjL0OwjAQg98lM4ry0zRXRvY-Q3TJXWgBNVLTToh3J5U6gCwv_my_RcB9m8JeeQ0ziavQTlx-w4jpyctB6IHLvchUlm2dozwq8qRVjoX4dTu7fwcT1qmt0WQkZ1H1aKizChwYGCgOvXfNqgkgd1mxhcQmeWZQeuCYe0deg_h8AfXhN5Y:1nd7dp:Y06YokgMcbxkFb5pqxkBWDN2aXvSQ7MX3JZHdtixVjI", "expire_date": "2022-04-23T09:44:25.733Z"}}, {"model": "sessions.session", "pk": "4ee1cx3s3qoa7dffjkm1wmn8weq5qxzb", "fields": {"session_data": ".eJxVjEsOwjAMBe-SNYqoQ5KaJfueobJjhxRQI_WzQtydVuoCtm9m3tv0tC6lX2ed-kHM1ThvTr8jU3rquBN50HivNtVxmQa2u2IPOtuuir5uh_t3UGguW90ItohKQjHHc04hec4BggJkaIHwghQbl5h5o6wRMYhL6qnNEAKYzxcqKzjh:1no2Wz:u-2zcdAPFKK9y6pdu9_OmJjGJIErg5gp1F04lEIKTIM", "expire_date": "2022-05-23T12:30:29.591Z"}}, {"model": "sessions.session", "pk": "64squ5poxwajs5w1avf4u1dnfqcisdqs", "fields": {"session_data": ".eJxVjEEOgjAQRe_StWlaynSoS_eegcwwU4saSCisjHdXEha6_e-9_zI9bWvpt6pLP4o5m4Dm9DsyDQ-ddiJ3mm6zHeZpXUa2u2IPWu11Fn1eDvfvoFAt37oNTUAFEnFN8uoAE1BuGRAEPTAKxi4G9LElx5KUOwcMIWWvWXI27w_uRTfs:1nnxYQ:akDfPlVoWAMT4WkXhThyFWFl3NzrdGQOQXm1g2Sxh9o", "expire_date": "2022-05-23T07:11:38.810Z"}}, {"model": "sessions.session", "pk": "dc6vbqhy2cpdtd9h1buom2yfuy04rpod", "fields": {"session_data": ".eJxVjEEOgjAQRe_StWlaynSoS_eegcwwU4saSCisjHdXEha6_e-9_zI9bWvpt6pLP4o5m4Dm9DsyDQ-ddiJ3mm6zHeZpXUa2u2IPWu11Fn1eDvfvoFAt37oNTUAFEnFN8uoAE1BuGRAEPTAKxi4G9LElx5KUOwcMIWWvWXI27w_uRTfs:1nk7WE:5xwqxNBBNkAftOqo19JuzsL-04euso4D8-2TvbHuXmA", "expire_date": "2022-05-12T17:01:30.611Z"}}, {"model": "sessions.session", "pk": "diou4dzfhhi2v7tzw47ktyigkozj63bh", "fields": {"session_data": ".eJxVjEsOwjAMBe-SNYqoQ5KaJfueobJjhxRQI_WzQtydVuoCtm9m3tv0tC6lX2ed-kHM1ThvTr8jU3rquBN50HivNtVxmQa2u2IPOtuuir5uh_t3UGguW90ItohKQjHHc04hec4BggJkaIHwghQbl5h5o6wRMYhL6qnNEAKYzxcqKzjh:1nifGC:CCtT5XjFccT5u4gPENRejNkxYlR8g2xtO7-i6Le4kgw", "expire_date": "2022-05-08T16:38:56.919Z"}}, {"model": "sessions.session", "pk": "ft44707umvdlpo4zdy4k4tbkhsuck4a8", "fields": {"session_data": "e30:1nYioW:ghyt2NGGl_dIbxXI0i8lLtb4Jg41ukJSWYR4xyyUR3Q", "expire_date": "2022-04-11T06:25:16.274Z"}}, {"model": "sessions.session", "pk": "i3xnrdsp72vrrc9cqfgxeblf2ohq17wf", "fields": {"session_data": ".eJxVjEsOwjAMBe-SNYqoQ5KaJfueobJjhxRQI_WzQtydVuoCtm9m3tv0tC6lX2ed-kHM1ThvTr8jU3rquBN50HivNtVxmQa2u2IPOtuuir5uh_t3UGguW90ItohKQjHHc04hec4BggJkaIHwghQbl5h5o6wRMYhL6qnNEAKYzxcqKzjh:1nk7Iz:R73hs7F6OG2W1HXppY9uWZBhRmm_kkbYWNM8uyhldQc", "expire_date": "2022-05-12T16:47:49.439Z"}}, {"model": "sessions.session", "pk": "idfmx10g4xp10olshk6ss0jj6893m4bs", "fields": {"session_data": ".eJxVjL0OwjAQg98lM4ry0zRXRvY-Q3TJXWgBNVLTToh3J5U6gCwv_my_RcB9m8JeeQ0ziavQTlx-w4jpyctB6IHLvchUlm2dozwq8qRVjoX4dTu7fwcT1qmt0WQkZ1H1aKizChwYGCgOvXfNqgkgd1mxhcQmeWZQeuCYe0deg_h8AfXhN5Y:1nh5Xd:E0_Y4frnnGkMB9EY8695ET76Gb675l--f6ESnwEiXow", "expire_date": "2022-05-04T08:18:25.867Z"}}, {"model": "sessions.session", "pk": "igq48jwgbju4rlvsf7wwme1i53462ora", "fields": {"session_data": ".eJxVjEsOwjAMBe-SNYqoQ5KaJfueobJjhxRQI_WzQtydVuoCtm9m3tv0tC6lX2ed-kHM1ThvTr8jU3rquBN50HivNtVxmQa2u2IPOtuuir5uh_t3UGguW90ItohKQjHHc04hec4BggJkaIHwghQbl5h5o6wRMYhL6qnNEAKYzxcqKzjh:1no5WN:gWaSK5V3t61wgjeIoisTKFMoz607PGB7sMt_OlbB17k", "expire_date": "2022-05-23T15:42:03.918Z"}}, {"model": "sessions.session", "pk": "j65vlj3uahjtzmx2chyd3kullaffc1j5", "fields": {"session_data": ".eJxVjL0OwjAQg98lM4ry0zRXRvY-Q3TJXWgBNVLTToh3J5U6gCwv_my_RcB9m8JeeQ0ziavQTlx-w4jpyctB6IHLvchUlm2dozwq8qRVjoX4dTu7fwcT1qmt0WQkZ1H1aKizChwYGCgOvXfNqgkgd1mxhcQmeWZQeuCYe0deg_h8AfXhN5Y:1naZm2:fbNMhL2NVdiJDAGzW7mVAJrPFkly2EeJNQrtSc8ccCg", "expire_date": "2022-04-16T09:10:22.110Z"}}, {"model": "sessions.session", "pk": "jimqb95b6ks4c8caeg20y5cyct9169wp", "fields": {"session_data": "e30:1nYipd:FuPJ02b6uqrvOj3bm3NMOOtN63Jx8JzVihe026cQtwE", "expire_date": "2022-04-11T06:26:25.411Z"}}, {"model": "sessions.session", "pk": "uxccq1p9i3elq92r9ozb3p8r77z5of57", "fields": {"session_data": ".eJxVjEEOgjAQRe_StWlaynSoS_eegcwwU4saSCisjHdXEha6_e-9_zI9bWvpt6pLP4o5m4Dm9DsyDQ-ddiJ3mm6zHeZpXUa2u2IPWu11Fn1eDvfvoFAt37oNTUAFEnFN8uoAE1BuGRAEPTAKxi4G9LElx5KUOwcMIWWvWXI27w_uRTfs:1nnJUA:sV4dUbQMKYt33oyneaZG6jM3PXVQp6q-vRt_--TxDkk", "expire_date": "2022-05-21T12:24:34.125Z"}}, {"model": "sessions.session", "pk": "zkt1uxkt8ixmv9ctxn0pcblpt8x5s2gn", "fields": {"session_data": ".eJxVjEsOwjAMBe-SNYqoQ5KaJfueobJjhxRQI_WzQtydVuoCtm9m3tv0tC6lX2ed-kHM1ThvTr8jU3rquBN50HivNtVxmQa2u2IPOtuuir5uh_t3UGguW90ItohKQjHHc04hec4BggJkaIHwghQbl5h5o6wRMYhL6qnNEAKYzxcqKzjh:1niuri:uVvTvIIcCwV377XdNxqfPT2ZPMO9K7OJVVeOphFgW3s", "expire_date": "2022-05-09T09:18:42.506Z"}}]